Section	Label	Variable	UI	Type	Min	Max	Default	Tier	Formula for UI elements (x from 0.0 to 1.0)	Unit	enum	Notes	OSC path	OSC "inc" or "dec" before value to increment of decrement	OSC path optional value	OSC remote path	Hover help text in the status bar	Keyboard shortcuts	Models
Header	Map Visibility	effectsMapVisible	text button	INT	0	1	1	1			OFF ; ON	Config > Master property, NOT an <Effects> child; twin of reverbsMapVisible. Global toggle on the tab header. Shows/hides all effect returns on the Map tab. Needs a by-name Config exception ahead of getParameterScope's "effect" prefix test.	/wfs/effect/mapVisible <value>				Show or hide effect return markers on the Map tab.		
Header	Edit on Map		text button				0					Tab-level toggle, not persisted. Allows dragging effect return positions on the Map.	/wfs/effect/editOnMap <value>				Enable editing effect positions from the Map tab.		
Header	Solo Effects		text button (long-press)				0					Tab-level toggle. Long-press to toggle. The global "solo effects" mask of plan 2.2: input rows are zeroed in the calculation engine's level matrices. No identifier is declared for it (it is transient, like Solo Reverbs).					Long-press to solo the effect returns: the direct signal is muted.		
Header	Clear		text button (long-press)									Emergency Clear (plan 2.2, 4.4-10). Long-press flushes this channel's chain, feed delay lines and return ring; Ctrl = all channels. Not a stored parameter. R4-10: it memsets one delay line per source and may drop a block or two.	/wfs/effect/clear <ID>  |  /wfs/effect/clearAll				Long-press to flush this effect chain; hold Ctrl to clear every effect.		
Header	Loop Guard LED		LED indicator									Read-only. Lit while this channel's loop guard has ramped its fx-to-fx feed bus to -inf (plan 4.4-9, corrected by R4-1/R4-2). Not a control.					The loop guard has muted this channel's effect-to-effect feed.		
Header	Cycle Warning Badge		badge									Read-only. Raised on the message thread when this channel sits inside a cycle of the effect-to-effect on-switch graph (plan 2.2). No audio-side action: the user owns the loops.					This effect is part of a feedback loop in the sends grid.		
Header	Re-layout Effects		text button (long-press)									Long-press. Re-runs the automatic ring placement over every effects channel and clears effectPositionsUserOwned on <Effects>. Decision 15 / Q9: effects never share the input/reverb position latch.					Long-press to lay every effect return out on the default ring again.		
Effect	Selected Effect		Selector (1 to 32)									Max bounded by the Effects Channels count in System Config (up to 32). Display channel name on the switches. No identifier is declared for it: the selection is GUI state. The sibling files do NOT leave this cell blank - WFS-UI_reverb.csv names reverbSelected (and input/output theirs) on the selector row and tool_generation_ignores.json drops all three as "UI-only selection state, no ValueTree backing". A blank cell reaches the same tool surface without an ignore entry; name it here only if an effectSelected identifier is ever declared.	/wfs/effect/selected <ID>	y			Effects Channel Number and Selection.	Type E to switch to the Effects Tab. Prompt in the status bar for 5 seconds to type a number and then return to select the corresponding effects channel.	
Channel	Effect Name	effectName	Editable Text box	STRING			Effect <ID>	1				Node <Channel>. getDefaultEffectName(index) = "Effect " + (index + 1).	/wfs/effect/name <ID> <value>				Displayed Effects Channel Name (editable).		
Channel	Attenuation	effectAttenuation	H slider	FLOAT	-92.0	0.0	0.0	2	20*log10(pow(10,-92./20.)+((1-pow(10,-92./20.))*pow(x,2)))	dB		Node <Channel>. Applied to the return rows of the in x out matrices.	/wfs/effect/attenuation <ID> <value>	y	extra value is transition time in seconds		Effects Channel Attenuation.		
Channel	Delay/Latency comp.	effectDelayLatency	H bidirectional slider	FLOAT	-100.0	100.0	0.0	2	(x*200.0)-100.0	ms		Node <Channel>. Highlight 'Latency Compensation' for negative values or 'Delay' for positive values. PREFIX COLLISION: effectDelay (the FxDelay module) is a strict prefix of this name - match longest-first or compare against the Identifier.	/wfs/effect/delayLatency <ID> <value>	y	extra value is transition time in seconds		Effects Channel Delay (positive values) or Latency Compensation (negative values).		
Channel	Minimal Latency	effectMinimalLatency	Text button	INT	0	1	1	1			DISABLE ; ENABLE	Node <Channel>. NOTE THE DEFAULT: 1 here, where inputMinimalLatency defaults to 0. An effect return ships with minimal latency ON, matching the reverb feed flag.	/wfs/effect/minimalLatency <ID> <value>				Select between Acoustic Precedence and Minimal Latency for this effect return.		
Channel	Link Group	effectLinkGroup	Drop down menu	INT	0	8	0	1			Unlinked (0) ; Group 1 (1) ; Group 2 (2) ; Group 3 (3) ; Group 4 (4) ; Group 5 (5) ; Group 6 (6) ; Group 7 (7) ; Group 8 (8)	Node <Channel>. Each channel is in at most one group. Module parameters, module bypasses and chain order propagate; feeds, position, otomo and name never do. Group names come from effectsGlobalLinkNames; the absolute/relative behaviour from effectsGlobalLinkMode.	/wfs/effect/linkGroup <ID> <value>				Link this effect to a group so module edits propagate to the other members.		
Channel	Link Mode	effectLinkMode	Drop down menu	INT	0	2	1	1			Off (0) ; Absolute (1) ; Relative (2)	Node <Channel>. The MODE is per channel, the exact mirror of outputApplyToArray; effectsGlobalLinkMode is only the value a NEW channel is stamped with. Propagation consults the RECEIVER's mode as well as the origin's, so a member set to Off is skipped whichever channel the edit is made from - that is what "disengage temporarily" means. Leaving the group (effectLinkGroup = 0) is "disengage permanently"; Relative is "conserve relative offsets", and applies to continuous values only.	/wfs/effect/linkMode <ID> <value>				How this channel takes group edits: off, absolute, or relative.		
Channel	Mute	effectMute	Text button	INT	0	1	0	1			unmute ; MUTE	Node <Channel>. R4-8: mute silences the feed entering the chain and lets the chain keep running - it must not skip the sweep, or every tail would freeze. PREFIX COLLISION: effectMute is a strict prefix of effectMutes, effectMuteMacro and effectMuteReverbSends.	/wfs/effect/mute <ID> <value>				Mute this effect return.		
Channel	Solo	effectSolo	Text button (long-press)	INT	0	1	0	2			unsolo ; SOLO	Node <Channel>. Transient: applied as a mask in the calculation engine, never on the audio thread. Plan 7.3 lists it for tool_generation_ignores.json, so it is expected to be declared here and skipped by the generator.	/wfs/effect/solo <ID> <value>				Long-press to solo this effect return.		
Position	Coordinate Mode	effectCoordinateMode	drop down menu	INT	0	2	0	1			Cartesian (0) ; Cylindrical (1) ; Spherical (2)	Node <Position>. Controls how Position X/Y/Z and the Return Offsets are displayed and edited. Storage remains Cartesian internally.	/wfs/effect/coordinateMode <ID> <value>				Select Cartesian, Cylindrical, or Spherical coordinates for this effect.		
Position	Position X	effectPositionX	Number box	FLOAT	-50.0	50.0	0.0	1		m		Node <Position>. Bounds constant is effectPositionMin/Max/Default (one pair for the three axes). A NEW channel is stamped with a ring placement from layoutEffectNodes, not with this Default: a channel born at the origin stacks every return on one spot.	/wfs/effect/positionX <ID> <value>	y	extra value is transition time in seconds		Effects Channel Position in Width.	Left and Right Arrows to nudge to the left (--) or right (++) in 0.1m increments	
Position	Position Y	effectPositionY	Number box	FLOAT	-50.0	50.0	0.0	1		m		Node <Position>. Bounds constant is effectPositionMin/Max/Default (one pair for the three axes). A NEW channel is stamped with a ring placement from layoutEffectNodes, not with this Default: a channel born at the origin stacks every return on one spot.	/wfs/effect/positionY <ID> <value>	y	extra value is transition time in seconds		Effects Channel Position in Depth.	Up and Down Arrows to nudge to the upstage (++) or downstage (--) in 0.1m increments	
Position	Position Z	effectPositionZ	Number box	FLOAT	-50.0	50.0	0.0	1		m		Node <Position>. Bounds constant is effectPositionMin/Max/Default (one pair for the three axes). A NEW channel is stamped with a ring placement from layoutEffectNodes, not with this Default: a channel born at the origin stacks every return on one spot.	/wfs/effect/positionZ <ID> <value>	y	extra value is transition time in seconds		Effects Channel Position in Height.	Page Up and Page Down to nudge to the up (++) or down (--) in 0.1m increments	
Position	Return Offset X	effectReturnOffsetX	Number box	FLOAT	-50.0	50.0	0.0	1		m		Node <Position>. Bounds constant is effectReturnOffsetMin/Max/Default. Feed geometry uses the BASE position; the return uses base + otomo offset + this offset.	/wfs/effect/returnOffsetX <ID> <value>	y	extra value is transition time in seconds		Effect Return Position Offset in Width.	Left and Right Arrows to nudge to the left (--) or right (++) in 0.1m increments if holding the [shift] key	
Position	Return Offset Y	effectReturnOffsetY	Number box	FLOAT	-50.0	50.0	0.0	1		m		Node <Position>. Bounds constant is effectReturnOffsetMin/Max/Default. Feed geometry uses the BASE position; the return uses base + otomo offset + this offset.	/wfs/effect/returnOffsetY <ID> <value>	y	extra value is transition time in seconds		Effect Return Position Offset in Depth.	Up and Down Arrows to nudge to the upstage (++) or downstage (--) in 0.1m increments if holding the [shift] key	
Position	Return Offset Z	effectReturnOffsetZ	Number box	FLOAT	-50.0	50.0	0.0	1		m		Node <Position>. Bounds constant is effectReturnOffsetMin/Max/Default. Feed geometry uses the BASE position; the return uses base + otomo offset + this offset.	/wfs/effect/returnOffsetZ <ID> <value>	y	extra value is transition time in seconds		Effect Return Position Offset in Height.	Page Up and Page Down to nudge to the up (++) or down (--) in 0.1m increments if holding the [shift] key	
Feed	Orientation	effectOrientation	Rotation dial	INT	-179	180	0	1	(x*360)-180	degrees		Node <Feed> (the node type is shared with the reverb channels). A NEW channel takes the bearing from its ring placement, not this Default.	/wfs/effect/orientation <ID> <value>	y	extra value is transition time in seconds		Effect-feed horizontal orientation in degrees (integer). 0 = facing audience (-Y), 90 = facing stage right (+X), 180 = facing upstage (+Y), -179 = facing stage left (-X).		
Feed	Angle On	effectAngleOn	H range expansion slider	INT	1	180	86	1	(x*179)+1	degrees		Node <Feed>. angleOn + angleOff <= 180; adjust angleOff if angleOn is adjusted and the sum is above 180.	/wfs/effect/angleOn <ID> <value>	y	extra value is transition time in seconds		Half-angle of the rear cone where objects are fully fed to this effect, in degrees.		
Feed	Angle Off	effectAngleOff	H range expansion slider	INT	0	179	90	1	x*179	degrees		Node <Feed>. angleOn + angleOff <= 180; adjust angleOn if angleOff is adjusted and the sum is above 180.	/wfs/effect/angleOff <ID> <value>	y	extra value is transition time in seconds		Half-angle of the front cone where objects are muted, in degrees.		
Feed	Pitch	effectPitch	V bidirectional slider	INT	-90	90	0	1	(x*180)-90	degrees		Node <Feed>.	/wfs/effect/pitch <ID> <value>	y	extra value is transition time in seconds		Effect-feed vertical orientation in degrees (integer). 0 = horizontal, +90 = straight up, -90 = straight down.		
Feed	HF Damping	effectHFdamping	H slider	FLOAT	-6.0	0.0	0.0	1	(x*6.0)-6.0	dB/m		Node <Feed>. Applied on every leg (decision 3): input-to-effect and effect-to-effect. NOTE: WFS-UI_reverb.csv gives its twin the formula (x*6.0)-0.6, which does not span the -6..0 range - read as a typo there and not copied.	/wfs/effect/HFdamping <ID> <value>	y	extra value is transition time in seconds		Loss of High Frequency Depending on Distance from Object to Effect.		
Feed	Minimum Latency Enable	effectFeedMiniLatency	Text button	INT	0	1	1	1			DISABLE ; ENABLE	Node <Feed>. Distinct from effectMinimalLatency on <Channel>: this one is the feed leg, that one the return leg.	/wfs/effect/feedMiniLatency <ID> <value>				Disable Minimal Latency Mode for the feed of the selected effect.		
Feed	Distance Attenuation Percentage	effectDistanceAttenPercent	H slider	INT	0	200	100	2	x*200	%		Node <Feed>. PREFIX COLLISION: effectDist (the FxDist module) is a strict prefix of this name - match longest-first or compare against the Identifier.	/wfs/effect/distanceAttenPercent <ID> <value>	y	extra value is transition time in seconds		Ratio of Distance Attenuation for the feed of the selected effect.		
Return	Attenuation Law	effectAttenuationLaw	Text button	INT	0	1	0	1			Log (0) ; 1/d (1)	Node <Return> (the C++ identifier for this node type is ReverbReturn; its XML tag is "Return"). Ranges and defaults mirror the input channel set. The label for value 1 is taken from the identifier comment (1 = 1/d); WFS-UI_input.csv prints its twin as 1/d².	/wfs/effect/attenuationLaw <ID> <value>				Attenuation Law Model for the effect return.		
Return	Distance Attenuation	effectDistanceAttenuation	Dial	FLOAT	-6.0	0.0	-0.7	1	(x*6.0)-6.0	dB/m		Node <Return>. Visible if effectAttenuationLaw == 0 (shares the position of Distance Ratio). PREFIX COLLISION: effectDist swallows this name.	/wfs/effect/distanceAttenuation <ID> <value>	y	extra value is transition time in seconds		Attenuation per Meter Between the Effect Return and a Speaker.		
Return	Distance Ratio	effectDistanceRatio	Dial	FLOAT	0.1	10.0	1.0	1	pow(10.0,(x*2.0)-1.0)	x		Node <Return>. Visible if effectAttenuationLaw == 1. PREFIX COLLISION: effectDist swallows this name.	/wfs/effect/distanceRatio <ID> <value>	y	extra value is transition time in seconds		Attenuation Ratio for the 1/d Model.		
Return	Common Attenuation	effectCommonAtten	Dial	INT	0	100	100	2	x*100	%		Node <Return>.	/wfs/effect/commonAtten <ID> <value>	y	extra value is transition time in seconds		Percentage of the Common Part of the Attenuation for this Effect Return Relative to All Outputs.		
Return	HF Shelf	effectHFshelf	H slider	FLOAT	-24.0	0.0	-6.0	1	20*log10(pow(10,-24./20.)+((1-pow(10,-24./20.))*pow(x,2)))	dB		Node <Return>. Directivity term of the return, as on an input channel.	/wfs/effect/HFshelf <ID> <value>	y	extra value is transition time in seconds		How Much Brightness is lost Behind the Effect Return, Out of its Brightness Cone.		
Return	Mutes	effectMutes	Panel of square toggles	STRING				1				Node <Return>. A packed comma-separated row, one 0 (unmuted) or 1 (muted) per output, built at channel-creation time from the live output count. DELIBERATELY UNBOUNDED - effectMutes has no Min/Max/Default constant, so the write interceptor never clamps the row into a scalar. Row form only: the 3-argument reverb form is broken today and is not copied.	/wfs/effect/mutes <ID> "<csv>"				Mute Selectively the Output of an Effect Return to a Speaker. One comma-separated list for all outputs, e.g. 0,1,0,0.		
Return	Mute Macros	effectMuteMacro	Selector (1 to 5)	INT	0	4	0	1			Mute Macro Select (0) ; MUTE ALL (1) ; UNMUTE ALL (2) ; INVERT MUTES (3) ; MUTE ODD (4)	Node <Return>. Close panel after selection; temporary switches. RANGE DIFFERS FROM THE REVERB AND INPUT TWINS: effectMuteMacroMax is 4, where reverbMuteMacro and inputMuteMacro run 0..25 (MUTE EVEN plus ten array pairs). The five labels above are the first five of that list; the code's ceiling of 4 is what is transcribed here.	/wfs/effect/muteMacro <ID> <value>				Mute Macros for Fast Muting and Unmuting of the Effect Return.		
Return	Mute Reverb Sends	effectMuteReverbSends	Text button	INT	0	1	0	1			OFF ; ON	Node <Return>. Return rows get an in x reverb feed like inputs; this skips it.	/wfs/effect/muteReverbSends <ID> <value>				Mute All Reverb Sends for this Effect Return.		
Return	Array 1 Attenuation	effectArrayAtten1	Dial	FLOAT	-60.0	0.0	0.0	2	dB = 20*log10(0.001 + x^2 * 0.999)	dB		Node <Return>. The per-array trim of this effect return, mirroring inputArrayAtten1. Level 3 of the three matrix levels carries a per-output MUTE and this per-ARRAY trim and nothing else: a return is a WFS render source, so its per-output gains are SOLVED from the geometry of the return position against each speaker, and a free per-output level would overwrite the spatialisation that makes the return localise where its marker sits. Dimmed if no outputs assigned to Array 1.	/wfs/effect/arrayAtten1 <ID> <value>		extra value is transition time in seconds		Per-Array Attenuation of this Effect Return for Array 1. Dimmed if Array has No Outputs Assigned.		
Return	Array 2 Attenuation	effectArrayAtten2	Dial	FLOAT	-60.0	0.0	0.0	2	dB = 20*log10(0.001 + x^2 * 0.999)	dB		Node <Return>. The per-array trim of this effect return, mirroring inputArrayAtten2. Level 3 of the three matrix levels carries a per-output MUTE and this per-ARRAY trim and nothing else: a return is a WFS render source, so its per-output gains are SOLVED from the geometry of the return position against each speaker, and a free per-output level would overwrite the spatialisation that makes the return localise where its marker sits. Dimmed if no outputs assigned to Array 2.	/wfs/effect/arrayAtten2 <ID> <value>		extra value is transition time in seconds		Per-Array Attenuation of this Effect Return for Array 2. Dimmed if Array has No Outputs Assigned.		
Return	Array 3 Attenuation	effectArrayAtten3	Dial	FLOAT	-60.0	0.0	0.0	2	dB = 20*log10(0.001 + x^2 * 0.999)	dB		Node <Return>. The per-array trim of this effect return, mirroring inputArrayAtten3. Level 3 of the three matrix levels carries a per-output MUTE and this per-ARRAY trim and nothing else: a return is a WFS render source, so its per-output gains are SOLVED from the geometry of the return position against each speaker, and a free per-output level would overwrite the spatialisation that makes the return localise where its marker sits. Dimmed if no outputs assigned to Array 3.	/wfs/effect/arrayAtten3 <ID> <value>		extra value is transition time in seconds		Per-Array Attenuation of this Effect Return for Array 3. Dimmed if Array has No Outputs Assigned.		
Return	Array 4 Attenuation	effectArrayAtten4	Dial	FLOAT	-60.0	0.0	0.0	2	dB = 20*log10(0.001 + x^2 * 0.999)	dB		Node <Return>. The per-array trim of this effect return, mirroring inputArrayAtten4. Level 3 of the three matrix levels carries a per-output MUTE and this per-ARRAY trim and nothing else: a return is a WFS render source, so its per-output gains are SOLVED from the geometry of the return position against each speaker, and a free per-output level would overwrite the spatialisation that makes the return localise where its marker sits. Dimmed if no outputs assigned to Array 4.	/wfs/effect/arrayAtten4 <ID> <value>		extra value is transition time in seconds		Per-Array Attenuation of this Effect Return for Array 4. Dimmed if Array has No Outputs Assigned.		
Return	Array 5 Attenuation	effectArrayAtten5	Dial	FLOAT	-60.0	0.0	0.0	2	dB = 20*log10(0.001 + x^2 * 0.999)	dB		Node <Return>. The per-array trim of this effect return, mirroring inputArrayAtten5. Level 3 of the three matrix levels carries a per-output MUTE and this per-ARRAY trim and nothing else: a return is a WFS render source, so its per-output gains are SOLVED from the geometry of the return position against each speaker, and a free per-output level would overwrite the spatialisation that makes the return localise where its marker sits. Dimmed if no outputs assigned to Array 5.	/wfs/effect/arrayAtten5 <ID> <value>		extra value is transition time in seconds		Per-Array Attenuation of this Effect Return for Array 5. Dimmed if Array has No Outputs Assigned.		
Return	Array 6 Attenuation	effectArrayAtten6	Dial	FLOAT	-60.0	0.0	0.0	2	dB = 20*log10(0.001 + x^2 * 0.999)	dB		Node <Return>. The per-array trim of this effect return, mirroring inputArrayAtten6. Level 3 of the three matrix levels carries a per-output MUTE and this per-ARRAY trim and nothing else: a return is a WFS render source, so its per-output gains are SOLVED from the geometry of the return position against each speaker, and a free per-output level would overwrite the spatialisation that makes the return localise where its marker sits. Dimmed if no outputs assigned to Array 6.	/wfs/effect/arrayAtten6 <ID> <value>		extra value is transition time in seconds		Per-Array Attenuation of this Effect Return for Array 6. Dimmed if Array has No Outputs Assigned.		
Return	Array 7 Attenuation	effectArrayAtten7	Dial	FLOAT	-60.0	0.0	0.0	2	dB = 20*log10(0.001 + x^2 * 0.999)	dB		Node <Return>. The per-array trim of this effect return, mirroring inputArrayAtten7. Level 3 of the three matrix levels carries a per-output MUTE and this per-ARRAY trim and nothing else: a return is a WFS render source, so its per-output gains are SOLVED from the geometry of the return position against each speaker, and a free per-output level would overwrite the spatialisation that makes the return localise where its marker sits. Dimmed if no outputs assigned to Array 7.	/wfs/effect/arrayAtten7 <ID> <value>		extra value is transition time in seconds		Per-Array Attenuation of this Effect Return for Array 7. Dimmed if Array has No Outputs Assigned.		
Return	Array 8 Attenuation	effectArrayAtten8	Dial	FLOAT	-60.0	0.0	0.0	2	dB = 20*log10(0.001 + x^2 * 0.999)	dB		Node <Return>. The per-array trim of this effect return, mirroring inputArrayAtten8. Level 3 of the three matrix levels carries a per-output MUTE and this per-ARRAY trim and nothing else: a return is a WFS render source, so its per-output gains are SOLVED from the geometry of the return position against each speaker, and a free per-output level would overwrite the spatialisation that makes the return localise where its marker sits. Dimmed if no outputs assigned to Array 8.	/wfs/effect/arrayAtten8 <ID> <value>		extra value is transition time in seconds		Per-Array Attenuation of this Effect Return for Array 8. Dimmed if Array has No Outputs Assigned.		
Return	Array 9 Attenuation	effectArrayAtten9	Dial	FLOAT	-60.0	0.0	0.0	2	dB = 20*log10(0.001 + x^2 * 0.999)	dB		Node <Return>. The per-array trim of this effect return, mirroring inputArrayAtten9. Level 3 of the three matrix levels carries a per-output MUTE and this per-ARRAY trim and nothing else: a return is a WFS render source, so its per-output gains are SOLVED from the geometry of the return position against each speaker, and a free per-output level would overwrite the spatialisation that makes the return localise where its marker sits. Dimmed if no outputs assigned to Array 9.	/wfs/effect/arrayAtten9 <ID> <value>		extra value is transition time in seconds		Per-Array Attenuation of this Effect Return for Array 9. Dimmed if Array has No Outputs Assigned.		
Return	Array 10 Attenuation	effectArrayAtten10	Dial	FLOAT	-60.0	0.0	0.0	2	dB = 20*log10(0.001 + x^2 * 0.999)	dB		Node <Return>. The per-array trim of this effect return, mirroring inputArrayAtten10. Level 3 of the three matrix levels carries a per-output MUTE and this per-ARRAY trim and nothing else: a return is a WFS render source, so its per-output gains are SOLVED from the geometry of the return position against each speaker, and a free per-output level would overwrite the spatialisation that makes the return localise where its marker sits. Dimmed if no outputs assigned to Array 10.	/wfs/effect/arrayAtten10 <ID> <value>		extra value is transition time in seconds		Per-Array Attenuation of this Effect Return for Array 10. Dimmed if Array has No Outputs Assigned.		
AutomOtion	Destination X	effectOtomoX	Number box	FLOAT	-50.0	50.0	0.0	1		m		Node <AutomOtion>. Return-only (decision 9): the set is the inputOtomo* set minus StayReturn, and it moves an OFFSET on top of the base position. Feed geometry follows the base position, the return follows base + offset. Bounds constant is effectOtomoMin/Max/Default (one pair for the three axes).	/wfs/effect/otomoX <ID> <value>	y			Relative or Absolute Destination X.		
AutomOtion	Destination Y	effectOtomoY	Number box	FLOAT	-50.0	50.0	0.0	1		m		Node <AutomOtion>. Return-only (decision 9): the set is the inputOtomo* set minus StayReturn, and it moves an OFFSET on top of the base position. Feed geometry follows the base position, the return follows base + offset. Bounds constant is effectOtomoMin/Max/Default (one pair for the three axes).	/wfs/effect/otomoY <ID> <value>	y			Relative or Absolute Destination Y.		
AutomOtion	Destination Z	effectOtomoZ	Number box	FLOAT	-50.0	50.0	0.0	1		m		Node <AutomOtion>. Return-only (decision 9): the set is the inputOtomo* set minus StayReturn, and it moves an OFFSET on top of the base position. Feed geometry follows the base position, the return follows base + offset. Bounds constant is effectOtomoMin/Max/Default (one pair for the three axes).	/wfs/effect/otomoZ <ID> <value>	y			Relative or Absolute Destination Z.		
AutomOtion	Coordinate Mode	effectOtomoCoordinateMode	drop down menu	INT	0	2	0	1			Cartesian (0) ; Cylindrical (1) ; Spherical (2)	Node <AutomOtion>. Return-only (decision 9): the set is the inputOtomo* set minus StayReturn, and it moves an OFFSET on top of the base position. Feed geometry follows the base position, the return follows base + offset. ADDITION over the input set: inputOtomoCoordinateMode carries a Default only, this one carries a Min/Max pair so BIND_I can bound it.	/wfs/effect/otomoCoordinateMode <ID> <value>				Coordinate Display Mode for the AutomOtion destination.		
AutomOtion	Destination Radius	effectOtomoR	Number box	FLOAT	0.0	50.0	0.0	1		m		Node <AutomOtion>. Return-only (decision 9): the set is the inputOtomo* set minus StayReturn, and it moves an OFFSET on top of the base position. Feed geometry follows the base position, the return follows base + offset. Converts to X/Y internally.	/wfs/effect/otomoR <ID> <value>	y			Distance from Origin in XY Plane (Cylindrical Coordinates).		
AutomOtion	Destination Azimuth	effectOtomoTheta	Number box	FLOAT	-3600.0	3600.0	0.0	1		°		Node <AutomOtion>. Return-only (decision 9): the set is the inputOtomo* set minus StayReturn, and it moves an OFFSET on top of the base position. Feed geometry follows the base position, the return follows base + offset. Allows up to 10 full rotations.	/wfs/effect/otomoTheta <ID> <value>	y			Angle from Audience Direction. Unrestricted for Path Rotations.		
AutomOtion	Destination Radius 3D	effectOtomoRsph	Number box	FLOAT	0.0	50.0	0.0	1		m		Node <AutomOtion>. Return-only (decision 9): the set is the inputOtomo* set minus StayReturn, and it moves an OFFSET on top of the base position. Feed geometry follows the base position, the return follows base + offset. Converts to X/Y/Z internally.	/wfs/effect/otomoRsph <ID> <value>	y			Distance from Origin in 3D Space (Spherical Coordinates).		
AutomOtion	Destination Elevation	effectOtomoPhi	Number box	FLOAT	-3600.0	3600.0	0.0	1		°		Node <AutomOtion>. Return-only (decision 9): the set is the inputOtomo* set minus StayReturn, and it moves an OFFSET on top of the base position. Feed geometry follows the base position, the return follows base + offset. Allows up to 10 full rotations.	/wfs/effect/otomoPhi <ID> <value>	y			Elevation Angle. Unrestricted for Path Rotations.		
AutomOtion	Absolute / Relative	effectOtomoAbsoluteRelative	Text button	INT	0	1	0	1			Absolute (0) ; Relative (1)	Node <AutomOtion>. Return-only (decision 9): the set is the inputOtomo* set minus StayReturn, and it moves an OFFSET on top of the base position. Feed geometry follows the base position, the return follows base + offset.	/wfs/effect/otomoAbsoluteRelative <ID> <value>				Select Relative or Absolute Coordinates of Displacement.		
AutomOtion	Speed Profile	effectOtomoSpeedProfile	Dial	INT	0	100	0	1	x*100	%		Node <AutomOtion>. Return-only (decision 9): the set is the inputOtomo* set minus StayReturn, and it moves an OFFSET on top of the base position. Feed geometry follows the base position, the return follows base + offset.	/wfs/effect/otomoSpeedProfile <ID> <value>	y			Constant Speed or Gradual Acceleration and Slow Down at the Start and the End of the Movement.		
AutomOtion	Duration	effectOtomoDuration	Dial	FLOAT	0.1	3600.0	5.0	1	pow(10.0,sqrt(x)*3.556-1.0)	s		Node <AutomOtion>. Return-only (decision 9): the set is the inputOtomo* set minus StayReturn, and it moves an OFFSET on top of the base position. Feed geometry follows the base position, the return follows base + offset.	/wfs/effect/otomoDuration <ID> <value>	y			Duration of the Movement in Seconds (0.1s to 1 hour).		
AutomOtion	Curve	effectOtomoCurve	Bipolar Dial	INT	-100	100	0	1	(x*200)-100	%		Node <AutomOtion>. Return-only (decision 9): the set is the inputOtomo* set minus StayReturn, and it moves an OFFSET on top of the base position. Feed geometry follows the base position, the return follows base + offset.	/wfs/effect/otomoCurve <ID> <value>	y			Bend the Path to the Left (Negative) or Right (Positive) of the Direction of Travel.		
AutomOtion	Trigger	effectOtomoTrigger	Text button	INT	0	1	0	1			Manual (0) ; Trigger (1)	Node <AutomOtion>. Return-only (decision 9): the set is the inputOtomo* set minus StayReturn, and it moves an OFFSET on top of the base position. Feed geometry follows the base position, the return follows base + offset.	/wfs/effect/otomoTrigger <ID> <value>				Manual Start of Displacement or Automatic Trigger on the Audio Level.		
AutomOtion	Trigger Threshold	effectOtomoThreshold	Dial	FLOAT	-92.0	0.0	-20.0	1	20*log10(pow(10,-92./20.)+((1-pow(10,-92./20.))*pow(x,2)))	dB		Node <AutomOtion>. Return-only (decision 9): the set is the inputOtomo* set minus StayReturn, and it moves an OFFSET on top of the base position. Feed geometry follows the base position, the return follows base + offset. Greyed out but editable when effectOtomoTrigger == 0 (Manual).	/wfs/effect/otomoThreshold <ID> <value>	y			Set the Threshold for the Automatic Trigger of the Movement.		
AutomOtion	Trigger Reset	effectOtomoReset	Dial	FLOAT	-92.0	0.0	-60.0	1	20*log10(pow(10,-92./20.)+((1-pow(10,-92./20.))*pow(x,2)))	dB		Node <AutomOtion>. Return-only (decision 9): the set is the inputOtomo* set minus StayReturn, and it moves an OFFSET on top of the base position. Feed geometry follows the base position, the return follows base + offset. Greyed out but editable when effectOtomoTrigger == 0 (Manual).	/wfs/effect/otomoReset <ID> <value>	y			Set the Reset Level for the Automatic Trigger. Movement Will Not Start Unless the Audio Level Falls Below this Value.		
AutomOtion	Pause / Resume	effectOtomoPauseResume	Pause button	INT	0	1	1	1			Paused (0) ; Resume (1)	Node <AutomOtion>. Return-only (decision 9): the set is the inputOtomo* set minus StayReturn, and it moves an OFFSET on top of the base position. Feed geometry follows the base position, the return follows base + offset. Interaction only possible when the movement is running.	/wfs/effect/otomoPauseResume <ID> <value>				Pause and Resume the Movement.		
L.F.O	Active	effectLFOactive	Text button	INT	0	1	0	1			OFF ; ON	Node <LFO>. Return-only, like the AutomOtion block: the input LFO set minus gyrophone (an effect return has no brightness cone to rotate), and it moves an OFFSET on top of the base position, added to the AutomOtion offset by the calculation engine. Feed geometry follows the base position, the return follows base + offsets.	/wfs/effect/LFOactive <ID> <value>				Enable or Disable the Periodic Movement of the Effect Return (LFO).		
L.F.O	Period	effectLFOperiod	Dial	FLOAT	0.01	100.0	5.0	1	pow(10.0,sqrt(x)*4.0-2.0)	s		Node <LFO>. Return-only, like the AutomOtion block: the input LFO set minus gyrophone (an effect return has no brightness cone to rotate), and it moves an OFFSET on top of the base position, added to the AutomOtion offset by the calculation engine. Feed geometry follows the base position, the return follows base + offsets. Greyed out but editable when effectLFOactive == 0	/wfs/effect/LFOperiod <ID> <value>	y	extra value is transition time in seconds		Base Period of the Movement of the Effect Return.		
L.F.O	Phase	effectLFOphase	Direction dial	INT	-180	180	0	1	(x*360)-180	°		Node <LFO>. Return-only, like the AutomOtion block: the input LFO set minus gyrophone (an effect return has no brightness cone to rotate), and it moves an OFFSET on top of the base position, added to the AutomOtion offset by the calculation engine. Feed geometry follows the base position, the return follows base + offsets. Greyed out but editable when effectLFOactive == 0	/wfs/effect/LFOphase <ID> <value>	y	extra value is transition time in seconds		Global LFO phase offset for this effect return in degrees, range -180 to 180. 0 = start of cycle, 90 = quarter-cycle in. Combined additively with the per-axis phase (LFOphaseX/Y/Z). Values sent in the legacy 0-360 convention are wrapped to the equivalent angle.		
L.F.O	Shape X	effectLFOshapeX	Drop down menu	INT	0	8	0	1			OFF; sine; square; sawtooth; triangle; keystone; log; exp; random	Node <LFO>. Return-only, like the AutomOtion block: the input LFO set minus gyrophone (an effect return has no brightness cone to rotate), and it moves an OFFSET on top of the base position, added to the AutomOtion offset by the calculation engine. Feed geometry follows the base position, the return follows base + offsets. Greyed out but editable when effectLFOactive == 0	/wfs/effect/LFOshapeX <ID> <value>				Movement Behaviour of the Effect Return in Width.		
L.F.O	Shape Y	effectLFOshapeY	Drop down menu	INT	0	8	0	1			OFF; sine; square; sawtooth; triangle; keystone; log; exp; random	Node <LFO>. Return-only, like the AutomOtion block: the input LFO set minus gyrophone (an effect return has no brightness cone to rotate), and it moves an OFFSET on top of the base position, added to the AutomOtion offset by the calculation engine. Feed geometry follows the base position, the return follows base + offsets. Greyed out but editable when effectLFOactive == 0	/wfs/effect/LFOshapeY <ID> <value>				Movement Behaviour of the Effect Return in Depth.		
L.F.O	Shape Z	effectLFOshapeZ	Drop down menu	INT	0	8	0	1			OFF; sine; square; sawtooth; triangle; keystone; log; exp; random	Node <LFO>. Return-only, like the AutomOtion block: the input LFO set minus gyrophone (an effect return has no brightness cone to rotate), and it moves an OFFSET on top of the base position, added to the AutomOtion offset by the calculation engine. Feed geometry follows the base position, the return follows base + offsets. Greyed out but editable when effectLFOactive == 0	/wfs/effect/LFOshapeZ <ID> <value>				Movement Behaviour of the Effect Return in Height.		
L.F.O	Rate X	effectLFOrateX	H Slider	FLOAT	0.01	100	1.0	1	pow(10.0,(x*4.0)-2.0)	x		Node <LFO>. Return-only, like the AutomOtion block: the input LFO set minus gyrophone (an effect return has no brightness cone to rotate), and it moves an OFFSET on top of the base position, added to the AutomOtion offset by the calculation engine. Feed geometry follows the base position, the return follows base + offsets. Greyed out but editable when effectLFOactive == 0 or effectLFOshapeX == 0	/wfs/effect/LFOrateX <ID> <value>	y	extra value is transition time in seconds		Faster or Slower Movement in Relation to Base Period in Width.		
L.F.O	Rate Y	effectLFOrateY	H Slider	FLOAT	0.01	100	1.0	1	pow(10.0,(x*4.0)-2.0)	x		Node <LFO>. Return-only, like the AutomOtion block: the input LFO set minus gyrophone (an effect return has no brightness cone to rotate), and it moves an OFFSET on top of the base position, added to the AutomOtion offset by the calculation engine. Feed geometry follows the base position, the return follows base + offsets. Greyed out but editable when effectLFOactive == 0 or effectLFOshapeY == 0	/wfs/effect/LFOrateY <ID> <value>	y	extra value is transition time in seconds		Faster or Slower Movement in Relation to Base Period in Depth.		
L.F.O	Rate Z	effectLFOrateZ	H Slider	FLOAT	0.01	100	1.0	1	pow(10.0,(x*4.0)-2.0)	x		Node <LFO>. Return-only, like the AutomOtion block: the input LFO set minus gyrophone (an effect return has no brightness cone to rotate), and it moves an OFFSET on top of the base position, added to the AutomOtion offset by the calculation engine. Feed geometry follows the base position, the return follows base + offsets. Greyed out but editable when effectLFOactive == 0 or effectLFOshapeZ == 0	/wfs/effect/LFOrateZ <ID> <value>	y	extra value is transition time in seconds		Faster or Slower Movement in Relation to Base Period in Height.		
L.F.O	Amplitude X	effectLFOamplitudeX	H Bidirectional slider	FLOAT	0.0	50.0	1.0	1	x*50.0	m		Node <LFO>. Return-only, like the AutomOtion block: the input LFO set minus gyrophone (an effect return has no brightness cone to rotate), and it moves an OFFSET on top of the base position, added to the AutomOtion offset by the calculation engine. Feed geometry follows the base position, the return follows base + offsets. Greyed out but editable when effectLFOactive == 0 or effectLFOshapeX == 0	/wfs/effect/LFOamplitudeX <ID> <value>	y	extra value is transition time in seconds		Width of Movement in Relation to Base Position of the Effect Return.		
L.F.O	Amplitude Y	effectLFOamplitudeY	H Bidirectional slider	FLOAT	0.0	50.0	1.0	1	x*50.0	m		Node <LFO>. Return-only, like the AutomOtion block: the input LFO set minus gyrophone (an effect return has no brightness cone to rotate), and it moves an OFFSET on top of the base position, added to the AutomOtion offset by the calculation engine. Feed geometry follows the base position, the return follows base + offsets. Greyed out but editable when effectLFOactive == 0 or effectLFOshapeY == 0	/wfs/effect/LFOamplitudeY <ID> <value>	y	extra value is transition time in seconds		Depth of Movement in Relation to Base Position of the Effect Return.		
L.F.O	Amplitude Z	effectLFOamplitudeZ	H Bidirectional slider	FLOAT	0.0	50.0	1.0	1	x*50.0	m		Node <LFO>. Return-only, like the AutomOtion block: the input LFO set minus gyrophone (an effect return has no brightness cone to rotate), and it moves an OFFSET on top of the base position, added to the AutomOtion offset by the calculation engine. Feed geometry follows the base position, the return follows base + offsets. Greyed out but editable when effectLFOactive == 0 or effectLFOshapeZ == 0	/wfs/effect/LFOamplitudeZ <ID> <value>	y	extra value is transition time in seconds		Height of Movement in Relation to Base Position of the Effect Return.		
L.F.O	Phase X	effectLFOphaseX	Direction dial	INT	-180	180	0	1	(x*360)-180	°		Node <LFO>. Return-only, like the AutomOtion block: the input LFO set minus gyrophone (an effect return has no brightness cone to rotate), and it moves an OFFSET on top of the base position, added to the AutomOtion offset by the calculation engine. Feed geometry follows the base position, the return follows base + offsets. Greyed out but editable when effectLFOactive == 0 or effectLFOshapeX == 0	/wfs/effect/LFOphaseX <ID> <value>	y	extra value is transition time in seconds		X-axis (width) LFO phase offset for this effect return in degrees, range -180 to 180. Stacks on top of the global LFOphase.		
L.F.O	Phase Y	effectLFOphaseY	Direction dial	INT	-180	180	0	1	(x*360)-180	°		Node <LFO>. Return-only, like the AutomOtion block: the input LFO set minus gyrophone (an effect return has no brightness cone to rotate), and it moves an OFFSET on top of the base position, added to the AutomOtion offset by the calculation engine. Feed geometry follows the base position, the return follows base + offsets. Greyed out but editable when effectLFOactive == 0 or effectLFOshapeY == 0	/wfs/effect/LFOphaseY <ID> <value>	y	extra value is transition time in seconds		Y-axis (depth) LFO phase offset for this effect return in degrees, range -180 to 180. Stacks on top of the global LFOphase.		
L.F.O	Phase Z	effectLFOphaseZ	Direction dial	INT	-180	180	0	1	(x*360)-180	°		Node <LFO>. Return-only, like the AutomOtion block: the input LFO set minus gyrophone (an effect return has no brightness cone to rotate), and it moves an OFFSET on top of the base position, added to the AutomOtion offset by the calculation engine. Feed geometry follows the base position, the return follows base + offsets. Greyed out but editable when effectLFOactive == 0 or effectLFOshapeZ == 0	/wfs/effect/LFOphaseZ <ID> <value>	y	extra value is transition time in seconds		Z-axis (height) LFO phase offset for this effect return in degrees, range -180 to 180. Stacks on top of the global LFOphase.		
Chain	Chain Order	effectChainOrder	Module tile strip (drag to reorder)	STRING			dist,eq1,eq2,dyn1,dyn2,mod,phaser,trem,reverb,delay,crush	1				Node <Chain>. A permutation of the eleven slot tokens of spatcore::effects::kSlots, in any order; an invalid string keeps the last valid order and logs. Reordering never moves parameter state, and the token table is append-only. Propagates through link groups.	/wfs/effect/chainOrder <ID> "<csv>"				Processing order of the eleven module slots. Drag the tiles to reorder.		
Chain	Chain Bypass	effectChainBypass	Text button	INT	0	1	0	1			OFF ; ON	Node <Chain>. 1 = the whole chain is skipped. R3-6: treated like a module bypass - skip, then reset once at silence.	/wfs/effect/chainBypass <ID> <value>				Bypass the whole effect chain.		
Chain	Module Bypass LED		LED indicator									One per module tile. Reflects the slot's own effect<Mod>Bypass property; clicking the LED writes that property, it is not a parameter of its own.					Toggle this module's bypass.		
Chain	Chain Latency		read-only text									Telemetry, never a tree property (plan 5.10). R4-6: computed once per batch after the join and published as a per-channel atomic. Surfaced in the GPU-pipeline strip and in the MCP describeChannelFull block.					Intrinsic latency this chain reports, in samples.		
FxDist	Distortion Bypass	effectDistBypass	Text button	INT	0	1	1	1			OFF ; ON	Node <FxDist>. Module bypass, one convention across all eleven slots (plan 2.2): 1 = bypassed. Every module ships bypassed, so a new effects channel is silent until the operator switches something in.	/wfs/effect/distBypass <ID> <value>				Bypass the distortion module.		
FxDist	Drive	effectDistDrive	H slider	FLOAT	0.0	40.0	12.0	2	min+(max-min)*x	dB		Node <FxDist>. Tier 2 on purpose: 40 dB of gain.	/wfs/effect/distDrive <ID> <value>	y	extra value is transition time in seconds		Input gain into the shapers (0 - 40 dB).		
FxDist	Shape	effectDistShape	H slider	FLOAT	0.0	1.0	0.5	1	min+(max-min)*x			Node <FxDist>. Continuous crossfade, the prototype's "waveform": 0 = hard clip at +-0.8, 1 = tanh.	/wfs/effect/distShape <ID> <value>	y	extra value is transition time in seconds		Blend from hard clipping (0) to tanh saturation (1).		
FxDist	Bias	effectDistBias	Basic dial	FLOAT	-0.5	0.5	0.0	1	min+(max-min)*x			Node <FxDist>. Asymmetry, which adds even harmonics - the "tube" colour. A DC blocker is engaged only when bias is not 0.	/wfs/effect/distBias <ID> <value>	y	extra value is transition time in seconds		Asymmetry of the shaper, for even-harmonic (tube-like) colour.		
FxDist	Pre Low Shelf Frequency	effectDistPreLoShelfFreq	H slider (log)	FLOAT	20.0	2000.0	20.0	1	min*pow(max/min,x)	Hz		Node <FxDist>. RBJ low shelf before the shaper, slope 0.7 (OutputEQBiquadFilter shapes 2 and 5). The prototype's defects P1 (missing brackets in alpha) and P2 (gain converted from dB twice) are deliberately NOT reproduced.	/wfs/effect/distPreLoShelfFreq <ID> <value>	y	extra value is transition time in seconds		Corner frequency of the low shelf before the distortion shaper.		
FxDist	Pre Low Shelf Gain	effectDistPreLoShelfGain	Basic dial	FLOAT	-24.0	24.0	0.0	1	min+(max-min)*x	dB		Node <FxDist>. Gain in dB means gain in dB (prototype defect P2 not reproduced).	/wfs/effect/distPreLoShelfGain <ID> <value>	y	extra value is transition time in seconds		Gain of the low shelf before the distortion shaper.		
FxDist	Pre High Shelf Frequency	effectDistPreHiShelfFreq	H slider (log)	FLOAT	1000.0	20000.0	20000.0	1	min*pow(max/min,x)	Hz		Node <FxDist>. RBJ high shelf before the shaper, slope 0.7 (OutputEQBiquadFilter shapes 2 and 5). The prototype's defects P1 (missing brackets in alpha) and P2 (gain converted from dB twice) are deliberately NOT reproduced.	/wfs/effect/distPreHiShelfFreq <ID> <value>	y	extra value is transition time in seconds		Corner frequency of the high shelf before the distortion shaper.		
FxDist	Pre High Shelf Gain	effectDistPreHiShelfGain	Basic dial	FLOAT	-24.0	24.0	0.0	1	min+(max-min)*x	dB		Node <FxDist>. Gain in dB means gain in dB (prototype defect P2 not reproduced).	/wfs/effect/distPreHiShelfGain <ID> <value>	y	extra value is transition time in seconds		Gain of the high shelf before the distortion shaper.		
FxDist	Post Low Shelf Frequency	effectDistPostLoShelfFreq	H slider (log)	FLOAT	20.0	2000.0	20.0	1	min*pow(max/min,x)	Hz		Node <FxDist>. RBJ low shelf after the shaper, slope 0.7 (OutputEQBiquadFilter shapes 2 and 5). The prototype's defects P1 (missing brackets in alpha) and P2 (gain converted from dB twice) are deliberately NOT reproduced.	/wfs/effect/distPostLoShelfFreq <ID> <value>	y	extra value is transition time in seconds		Corner frequency of the low shelf after the distortion shaper.		
FxDist	Post Low Shelf Gain	effectDistPostLoShelfGain	Basic dial	FLOAT	-24.0	24.0	0.0	1	min+(max-min)*x	dB		Node <FxDist>. Gain in dB means gain in dB (prototype defect P2 not reproduced).	/wfs/effect/distPostLoShelfGain <ID> <value>	y	extra value is transition time in seconds		Gain of the low shelf after the distortion shaper.		
FxDist	Post High Shelf Frequency	effectDistPostHiShelfFreq	H slider (log)	FLOAT	1000.0	20000.0	20000.0	1	min*pow(max/min,x)	Hz		Node <FxDist>. RBJ high shelf after the shaper, slope 0.7 (OutputEQBiquadFilter shapes 2 and 5). The prototype's defects P1 (missing brackets in alpha) and P2 (gain converted from dB twice) are deliberately NOT reproduced.	/wfs/effect/distPostHiShelfFreq <ID> <value>	y	extra value is transition time in seconds		Corner frequency of the high shelf after the distortion shaper.		
FxDist	Post High Shelf Gain	effectDistPostHiShelfGain	Basic dial	FLOAT	-24.0	24.0	0.0	1	min+(max-min)*x	dB		Node <FxDist>. Gain in dB means gain in dB (prototype defect P2 not reproduced).	/wfs/effect/distPostHiShelfGain <ID> <value>	y	extra value is transition time in seconds		Gain of the high shelf after the distortion shaper.		
FxDist	Output	effectDistOutput	H slider	FLOAT	-24.0	12.0	-6.0	1	min+(max-min)*x	dB		Node <FxDist>. Output attenuation after the shaper, before the post shelves.	/wfs/effect/distOutput <ID> <value>	y	extra value is transition time in seconds		Distortion output level (-24 to +12 dB).		
FxDist	Mix	effectDistMix	H slider	FLOAT	0.0	100.0	100.0	1	min+(max-min)*x	%		Node <FxDist>. WET percentage. The prototype's wetDry sub-patch takes the DRY fraction, so an A/B against Max maps mix_ours = 100 - mix_max.	/wfs/effect/distMix <ID> <value>	y	extra value is transition time in seconds		Dry/wet mix of the distortion module (wet %).		
FxDist	Oversampling	effectDistOversample	Drop down menu	INT	0	3	0	1			Auto (0) ; Off (1) ; 2x (2) ; 4x (3)	Node <FxDist>. Auto policy: 4x at 48 kHz and below, 2x at 88.2/96 kHz, off at 176.4 kHz and above. Oversampling is the module's only source of latency.	/wfs/effect/distOversample <ID> <value>				Oversampling factor for the distortion shaper.		
FxEQ	EQ Bypass	effectEQBypass	Text button	INT	0	1	1	1			OFF ; ON	Nodes <FxEq1> / <FxEq2>, six <Band id="1".."6"> children each. Two instances per chain, node types FxEq1 and FxEq2; the node IS the instance, so the wire carries <instance> 1-2. The bypass lives on the module node, the five band properties on its Band children. Module bypass, one convention across all eleven slots (plan 2.2): 1 = bypassed. Every module ships bypassed, so a new effects channel is silent until the operator switches something in.	/wfs/effect/EQBypass <ID> <instance> <value>				Bypass this EQ instance.		
FxEQ	EQ Flatten		text button (long-press)				Flatten EQ					Long-press to reset all 6 bands of the selected EQ instance on this channel to defaults.					Long-press to flatten this EQ instance.		
FxEQ	EQ Band Reset		text button (long-press)				Reset Band					For each of 6 EQ bands. Long-press to reset that single band to its default shape/freq/gain/Q/slope.					Long-press to reset this EQ band.		
FxEQ	EQ Display		interactive display									Per-instance EQ graph, EQDisplayConfig::forEffectEQ() cloned from forOutputEQ(). Click a marker to select a band, drag horizontally to set frequency, vertically to set gain, mouse-wheel to adjust Q.					Drag the EQ band markers; use the mouse wheel on a marker to adjust its Q.		
FxEQ	EQ Shape	effectEQshape	Drop down menu	INT	0	7	1 / 2 / 3 / 3 / 5 / 6	1			OFF (0) ; Low Cut (1) ; Low Shelf (2) ; Peak/Notch (3) ; Band Pass (4) ; High Shelf (5) ; High Cut (6) ; All Pass (7)	Nodes <FxEq1> / <FxEq2>, six <Band id="1".."6"> children each. Two instances per chain, node types FxEq1 and FxEq2; the node IS the instance, so the wire carries <instance> 1-2. Shape ids are the OUTPUT EQ's numbering, not the reverb EQ's. Plan 5.2 writes the range as 1..7; the code takes 0 as well, so an effects band can be switched off one at a time like every other EQ in the app (the module documents 0 as a true bypass). Default shapes per band: Low Cut, Low Shelf, Peak/Notch, Peak/Notch, High Shelf, High Cut.	/wfs/effect/EQshape <ID> <instance> <band> <value>				Select the EQ Mode for Band <Band ID> of this EQ instance.		
FxEQ	EQ Frequency	effectEQfreq	H slider	INT	20	20000	80 / 250 / 1000 / 4000 / 8000 / 12000	1	20*pow(10,3*x)	Hz		Nodes <FxEq1> / <FxEq2>, six <Band id="1".."6"> children each. Two instances per chain, node types FxEq1 and FxEq2; the node IS the instance, so the wire carries <instance> 1-2. Defaults per band: 80 / 250 / 1000 / 4000 / 8000 / 12000 Hz. Greyed out but editable when the band shape is OFF.	/wfs/effect/EQfreq <ID> <instance> <band> <value>	y	extra value is transition time in seconds		Select the EQ Frequency for Band <Band ID> of this EQ instance.		
FxEQ	EQ Gain	effectEQgain	Basic dial	FLOAT	-24.0	24.0	0.0	1	(x*48)-24	dB		Nodes <FxEq1> / <FxEq2>, six <Band id="1".."6"> children each. Two instances per chain, node types FxEq1 and FxEq2; the node IS the instance, so the wire carries <instance> 1-2. Hidden for Low Cut / High Cut / Band Pass / All Pass shapes. Uniform across the six bands.	/wfs/effect/EQgain <ID> <instance> <band> <value>	y	extra value is transition time in seconds		Select the EQ Gain/Attenuation for Band <Band ID> of this EQ instance.		
FxEQ	EQ Q	effectEQq	Basic dial	FLOAT	0.1	10.0	0.7	1	min*pow(max/min,x)			Nodes <FxEq1> / <FxEq2>, six <Band id="1".."6"> children each. Two instances per chain, node types FxEq1 and FxEq2; the node IS the instance, so the wire carries <instance> 1-2. Bounds are the shared eqQMin/eqQMax (0.1 - 10.0), NOT the 0.1 - 20.0 that WFS-UI_output.csv and WFS-UI_reverb.csv print for their own Q columns. The Q taper is NOT the 0.1+0.21*(pow(100,x)-1) of WFS-UI_output.csv and WFS-UI_reverb.csv: that curve was written for a Max of 20 and reaches 20.89 at x=1, so over 0.1-10.0 it would leave the top 16% of the slider out of range. The log taper spans the real bounds exactly.	/wfs/effect/EQq <ID> <instance> <band> <value>	y	extra value is transition time in seconds		Select the EQ Q for Band <Band ID> of this EQ instance.		
FxEQ	EQ Slope	effectEQslope	Basic dial	FLOAT	0.1	1.0	0.7	1	min+(max-min)*x			Nodes <FxEq1> / <FxEq2>, six <Band id="1".."6"> children each. Two instances per chain, node types FxEq1 and FxEq2; the node IS the instance, so the wire carries <instance> 1-2. Applies to shelf shapes. Bounds are the shared eqSlopeMin/eqSlopeMax (0.1 - 1.0).	/wfs/effect/EQslope <ID> <instance> <band> <value>	y	extra value is transition time in seconds		Select the EQ Slope for Band <Band ID> of this EQ instance.		
FxDyn	Dynamics Bypass	effectDynBypass	Text button	INT	0	1	1	1			OFF ; ON	Nodes <FxDyn1> / <FxDyn2>. Two instances per chain, node types FxDyn1 and FxDyn2; the node IS the instance, so the wire carries <instance> 1-2. Module bypass, one convention across all eleven slots (plan 2.2): 1 = bypassed. Every module ships bypassed, so a new effects channel is silent until the operator switches something in.	/wfs/effect/dynBypass <ID> <instance> <value>				Bypass this dynamics instance.		
FxDyn	Detector	effectDynDetector	Text button	INT	0	1	0	1			Peak (0) ; RMS (1)	Nodes <FxDyn1> / <FxDyn2>. Two instances per chain, node types FxDyn1 and FxDyn2; the node IS the instance, so the wire carries <instance> 1-2.	/wfs/effect/dynDetector <ID> <instance> <value>				Peak or RMS detection for both stages.		
FxDyn	Lookahead	effectDynLookahead	H slider	FLOAT	0.0	5.0	1.0	1	min+(max-min)*x	ms		Nodes <FxDyn1> / <FxDyn2>. Two instances per chain, node types FxDyn1 and FxDyn2; the node IS the instance, so the wire carries <instance> 1-2. Delays the AUDIO path, so it adds latency; the latency is reported, never compensated.	/wfs/effect/dynLookahead <ID> <instance> <value>	y			Delay the audio so the detector sees a transient first (adds reported latency).		
FxDyn	Makeup Gain	effectDynMakeup	Basic dial	FLOAT	-24.0	24.0	0.0	1	min+(max-min)*x	dB		Nodes <FxDyn1> / <FxDyn2>. Two instances per chain, node types FxDyn1 and FxDyn2; the node IS the instance, so the wire carries <instance> 1-2.	/wfs/effect/dynMakeup <ID> <instance> <value>	y	extra value is transition time in seconds		Makeup gain applied after both stages.		
FxDyn	Auto Makeup	effectDynAutoMakeup	Text button	INT	0	1	0	1			OFF ; ON	Nodes <FxDyn1> / <FxDyn2>. Two instances per chain, node types FxDyn1 and FxDyn2; the node IS the instance, so the wire carries <instance> 1-2. Auto makeup is -T_c(1 - 1/R_c)/2.	/wfs/effect/dynAutoMakeup <ID> <instance> <value>				Derive the makeup gain from the compressor threshold and ratio.		
FxDyn	Gain Reduction Meter		meter									Read-only real-time gain-reduction display, one per stage, fed at 50 Hz from the block-minimum GR dB (GainReductionMeter::setGainReductionDb). Not a control.					Real-time gain reduction of this dynamics stage.		
FxDyn	Compressor On	effectDynCompOn	Text button	INT	0	1	1	1			OFF ; ON	Nodes <FxDyn1> / <FxDyn2>. Two instances per chain, node types FxDyn1 and FxDyn2; the node IS the instance, so the wire carries <instance> 1-2. The compressor STAGE switch, distinct from the module bypass; the compressor stage runs before the expander stage.	/wfs/effect/dynCompOn <ID> <instance> <value>				Enable the compressor stage of this dynamics instance.		
FxDyn	Compressor Threshold	effectDynCompThreshold	H slider	FLOAT	-60.0	0.0	-20.0	1	min+(max-min)*x	dB		Nodes <FxDyn1> / <FxDyn2>. Two instances per chain, node types FxDyn1 and FxDyn2; the node IS the instance, so the wire carries <instance> 1-2.	/wfs/effect/dynCompThreshold <ID> <instance> <value>	y	extra value is transition time in seconds		Compressor threshold level (-60 to 0 dB).		
FxDyn	Compressor Ratio	effectDynCompRatio	H slider (log)	FLOAT	1.0	100.0	4.0	1	min*pow(max/min,x)	:1		Nodes <FxDyn1> / <FxDyn2>. Two instances per chain, node types FxDyn1 and FxDyn2; the node IS the instance, so the wire carries <instance> 1-2. 100 = infinity, i.e. a limiter.	/wfs/effect/dynCompRatio <ID> <instance> <value>	y	extra value is transition time in seconds		Compressor ratio (1:1 to 100:1; 100 is a limiter).		
FxDyn	Compressor Knee	effectDynCompKnee	Basic dial	FLOAT	0.0	24.0	0.0	1	min+(max-min)*x	dB		Nodes <FxDyn1> / <FxDyn2>. Two instances per chain, node types FxDyn1 and FxDyn2; the node IS the instance, so the wire carries <instance> 1-2. 0 = the prototype's hard knee.	/wfs/effect/dynCompKnee <ID> <instance> <value>	y	extra value is transition time in seconds		Soft-knee width of the compressor (0 = hard knee).		
FxDyn	Compressor Attack	effectDynCompAttack	H slider (log)	FLOAT	0.05	200.0	10.0	1	min*pow(max/min,x)	ms		Nodes <FxDyn1> / <FxDyn2>. Two instances per chain, node types FxDyn1 and FxDyn2; the node IS the instance, so the wire carries <instance> 1-2.	/wfs/effect/dynCompAttack <ID> <instance> <value>	y	extra value is transition time in seconds		Compressor attack time (0.05 - 200 ms).		
FxDyn	Compressor Release	effectDynCompRelease	H slider (log)	FLOAT	5.0	2000.0	100.0	1	min*pow(max/min,x)	ms		Nodes <FxDyn1> / <FxDyn2>. Two instances per chain, node types FxDyn1 and FxDyn2; the node IS the instance, so the wire carries <instance> 1-2.	/wfs/effect/dynCompRelease <ID> <instance> <value>	y	extra value is transition time in seconds		Compressor release time (5 - 2000 ms).		
FxDyn	Compressor Detector Delay	effectDynCompDetectorDelay	H slider	FLOAT	0.0	50.0	0.0	1	min+(max-min)*x	ms		Nodes <FxDyn1> / <FxDyn2>. Two instances per chain, node types FxDyn1 and FxDyn2; the node IS the instance, so the wire carries <instance> 1-2. Delays the DETECTOR, not the audio: the first milliseconds of a transient pass at unity and the gain reduction lands afterwards at full attack speed. Adds no latency. The prototype's CdetectionDelay, kept on purpose.	/wfs/effect/dynCompDetectorDelay <ID> <instance> <value>	y	extra value is transition time in seconds		Let a transient through before the compressor grabs (transient pass, no latency).		
FxDyn	Compressor Sidechain Low Cut	effectDynCompScLoCut	H slider (log)	FLOAT	20.0	2000.0	20.0	1	min*pow(max/min,x)	Hz		Nodes <FxDyn1> / <FxDyn2>. Two instances per chain, node types FxDyn1 and FxDyn2; the node IS the instance, so the wire carries <instance> 1-2. RBJ 2nd-order high-pass at Q = 0.6 on the detector only.	/wfs/effect/dynCompScLoCut <ID> <instance> <value>	y	extra value is transition time in seconds		High-pass the compressor's sidechain detector.		
FxDyn	Compressor Sidechain High Cut	effectDynCompScHiCut	H slider (log)	FLOAT	1000.0	20000.0	20000.0	1	min*pow(max/min,x)	Hz		Nodes <FxDyn1> / <FxDyn2>. Two instances per chain, node types FxDyn1 and FxDyn2; the node IS the instance, so the wire carries <instance> 1-2. RBJ 2nd-order low-pass at Q = 0.6 on the detector only. Prototype defect P4 (a stale default of 20 Hz that muted the detector) is NOT reproduced: the default is 20 kHz.	/wfs/effect/dynCompScHiCut <ID> <instance> <value>	y	extra value is transition time in seconds		Low-pass the compressor's sidechain detector.		
FxDyn	Expander On	effectDynExpOn	Text button	INT	0	1	0	1			OFF ; ON	Nodes <FxDyn1> / <FxDyn2>. Two instances per chain, node types FxDyn1 and FxDyn2; the node IS the instance, so the wire carries <instance> 1-2. The expander STAGE switch. Its detector taps the module INPUT, not the compressed signal.	/wfs/effect/dynExpOn <ID> <instance> <value>				Enable the expander stage of this dynamics instance.		
FxDyn	Expander Threshold	effectDynExpThreshold	H slider	FLOAT	-90.0	0.0	-50.0	1	min+(max-min)*x	dB		Nodes <FxDyn1> / <FxDyn2>. Two instances per chain, node types FxDyn1 and FxDyn2; the node IS the instance, so the wire carries <instance> 1-2.	/wfs/effect/dynExpThreshold <ID> <instance> <value>	y	extra value is transition time in seconds		Expander threshold level (-90 to 0 dB).		
FxDyn	Expander Ratio	effectDynExpRatio	H slider (log)	FLOAT	1.0	100.0	2.0	1	min*pow(max/min,x)	:1		Nodes <FxDyn1> / <FxDyn2>. Two instances per chain, node types FxDyn1 and FxDyn2; the node IS the instance, so the wire carries <instance> 1-2. 100 = a gate. Prototype defect P3 (the expander realised a ratio of 2 - 1/R) is NOT reproduced.	/wfs/effect/dynExpRatio <ID> <instance> <value>	y	extra value is transition time in seconds		Downward expander ratio (1:1 to 1:100; 100 is a gate).		
FxDyn	Expander Attack	effectDynExpAttack	H slider (log)	FLOAT	0.05	200.0	10.0	1	min*pow(max/min,x)	ms		Nodes <FxDyn1> / <FxDyn2>. Two instances per chain, node types FxDyn1 and FxDyn2; the node IS the instance, so the wire carries <instance> 1-2.	/wfs/effect/dynExpAttack <ID> <instance> <value>	y	extra value is transition time in seconds		Expander attack time (0.05 - 200 ms).		
FxDyn	Expander Release	effectDynExpRelease	H slider (log)	FLOAT	5.0	2000.0	100.0	1	min*pow(max/min,x)	ms		Nodes <FxDyn1> / <FxDyn2>. Two instances per chain, node types FxDyn1 and FxDyn2; the node IS the instance, so the wire carries <instance> 1-2.	/wfs/effect/dynExpRelease <ID> <instance> <value>	y	extra value is transition time in seconds		Expander release time (5 - 2000 ms).		
FxDyn	Expander Range	effectDynExpRange	H slider	FLOAT	-80.0	0.0	-60.0	1	min+(max-min)*x	dB		Nodes <FxDyn1> / <FxDyn2>. Two instances per chain, node types FxDyn1 and FxDyn2; the node IS the instance, so the wire carries <instance> 1-2. Floor of the downward expansion; what makes the stage usable as a gate.	/wfs/effect/dynExpRange <ID> <instance> <value>	y	extra value is transition time in seconds		Maximum attenuation the expander may apply (-80 to 0 dB).		
FxDyn	Expander Hold	effectDynExpHold	H slider	FLOAT	0.0	500.0	20.0	1	min+(max-min)*x	ms		Nodes <FxDyn1> / <FxDyn2>. Two instances per chain, node types FxDyn1 and FxDyn2; the node IS the instance, so the wire carries <instance> 1-2.	/wfs/effect/dynExpHold <ID> <instance> <value>	y	extra value is transition time in seconds		Hold time before the expander starts to close.		
FxDyn	Expander Sidechain Low Cut	effectDynExpScLoCut	H slider (log)	FLOAT	20.0	2000.0	20.0	1	min*pow(max/min,x)	Hz		Nodes <FxDyn1> / <FxDyn2>. Two instances per chain, node types FxDyn1 and FxDyn2; the node IS the instance, so the wire carries <instance> 1-2.	/wfs/effect/dynExpScLoCut <ID> <instance> <value>	y	extra value is transition time in seconds		High-pass the expander's sidechain detector.		
FxDyn	Expander Sidechain High Cut	effectDynExpScHiCut	H slider (log)	FLOAT	1000.0	20000.0	20000.0	1	min*pow(max/min,x)	Hz		Nodes <FxDyn1> / <FxDyn2>. Two instances per chain, node types FxDyn1 and FxDyn2; the node IS the instance, so the wire carries <instance> 1-2. Prototype defect P4 is not reproduced here either: the default is 20 kHz.	/wfs/effect/dynExpScHiCut <ID> <instance> <value>	y	extra value is transition time in seconds		Low-pass the expander's sidechain detector.		
FxMod	Modulation Bypass	effectModBypass	Text button	INT	0	1	1	1			OFF ; ON	Node <FxMod>. Module bypass, one convention across all eleven slots (plan 2.2): 1 = bypassed. Every module ships bypassed, so a new effects channel is silent until the operator switches something in.	/wfs/effect/modBypass <ID> <value>				Bypass the chorus / flanger module.		
FxMod	Mode	effectModMode	Text button	INT	0	1	0	1			Chorus (0) ; Flanger (1)	Node <FxMod>. Chorus and flanger differ only in the delay range and the feedback amount, so the mode switch sets ranges and GUI presets. A mode switch is a slot retrigger.	/wfs/effect/modMode <ID> <value>				Chorus or flanger voicing.		
FxMod	Rate	effectModRate	H slider (log)	FLOAT	0.05	10.0	0.8	1	min*pow(max/min,x)	Hz		Node <FxMod>.	/wfs/effect/modRate <ID> <value>	y	extra value is transition time in seconds		LFO rate of the chorus / flanger (0.05 - 10 Hz).		
FxMod	Depth	effectModDepth	H slider	FLOAT	0.0	100.0	50.0	1	min+(max-min)*x	%		Node <FxMod>. Depth is a fraction of the centre delay.	/wfs/effect/modDepth <ID> <value>	y	extra value is transition time in seconds		Modulation depth as a percentage of the centre delay.		
FxMod	Delay	effectModDelay	H slider (log)	FLOAT	0.1	30.0	15.0	1	min*pow(max/min,x)	ms		Node <FxMod>. Centre delay. GUI preset 2 ms for flanger mode.	/wfs/effect/modDelay <ID> <value>	y	extra value is transition time in seconds		Centre delay of the modulated line.		
FxMod	Feedback	effectModFeedback	H bidirectional slider	FLOAT	-95.0	95.0	0.0	1	min+(max-min)*x	%		Node <FxMod>. Signed: the sign is the polarity of the feedback path. Through a DC blocker and a 12 kHz low-pass, clamped at +-0.95.	/wfs/effect/modFeedback <ID> <value>	y	extra value is transition time in seconds		Signed feedback around the modulated line.		
FxMod	Voices	effectModVoices	Drop down menu	INT	1	3	2	1			1 (1) ; 2 (2) ; 3 (3)	Node <FxMod>. Voice v reads the line at the centre delay modulated by the LFO phase plus v x 120 deg. The ids are spelled out because the labels are bare numbers: an enum without an explicit (N) is read POSITIONALLY by the tool generator (generate_mcp_tools.py parse_enum / coerce_default), which would map the first label to 0 and publish a value one step off the stored id.	/wfs/effect/modVoices <ID> <value>				Number of modulated voices (1 - 3).		
FxMod	Shape	effectModShape	Drop down menu	INT	1	8	1	1			sine (1) ; square (2) ; sawtooth (3) ; triangle (4) ; keystone (5) ; log (6) ; exp (7) ; random (8)	Node <FxMod>. LFOWaveforms shape ids. Shape 0 (OFF) is not offered: the module bypass covers it.	/wfs/effect/modShape <ID> <value>				LFO waveform of the chorus / flanger.		
FxMod	LFO Phase	effectModPhase	Rotation dial	FLOAT	0.0	360.0	0.0	1	min+(max-min)*x	°		Node <FxMod>. Per-channel LFO phase offset: with several linked channels on the same rate, this spreads one modulation across the stage.	/wfs/effect/modPhase <ID> <value>	y	extra value is transition time in seconds		LFO phase offset for this channel (0 - 360 deg).		
FxMod	Input Low Cut	effectModLoCut	H slider (log)	FLOAT	20.0	2000.0	20.0	1	min*pow(max/min,x)	Hz		Node <FxMod>. RBJ 2nd-order high-pass at Q = 0.6 before the delay line (the prototype's loCutFreq).	/wfs/effect/modLoCut <ID> <value>	y	extra value is transition time in seconds		High-pass the signal entering the modulated line.		
FxMod	Through Zero	effectModThroughZero	Text button	INT	0	1	0	1			OFF ; ON	Node <FxMod>. Delays the dry leg by the centre delay so the two can cross. Its alignment delay is the largest in the set (up to 30 ms at 48 kHz) and it MOVES continuously.	/wfs/effect/modThroughZero <ID> <value>				Delay the dry signal so the modulated line can pass through zero.		
FxMod	Mix	effectModMix	H slider	FLOAT	0.0	100.0	50.0	1	min+(max-min)*x	%		Node <FxMod>. Wet percentage.	/wfs/effect/modMix <ID> <value>	y	extra value is transition time in seconds		Dry/wet mix of the chorus / flanger (wet %).		
FxPhaser	Phaser Bypass	effectPhaserBypass	Text button	INT	0	1	1	1			OFF ; ON	Node <FxPhaser>. Designed from scratch - the user's Max phaser was not carried over. Module bypass, one convention across all eleven slots (plan 2.2): 1 = bypassed. Every module ships bypassed, so a new effects channel is silent until the operator switches something in.	/wfs/effect/phaserBypass <ID> <value>				Bypass the phaser module.		
FxPhaser	Stages	effectPhaserStages	Drop down menu	INT	4	12	6	1			4 (4) ; 6 (6) ; 8 (8) ; 12 (12)	Node <FxPhaser>. Designed from scratch - the user's Max phaser was not carried over. STAGES IS A SET, NOT AN INTERVAL: the Min/Max pair is the set's hull, which is all a bounds pair can express, so 5, 7 and 9..11 pass OSC, MCP and OSCQuery and PhaserModule::validateStages then snaps them DOWN to the next member without an error. A combo box is the surface that enforces the set. The ids are spelled out because the labels are bare numbers: an enum without an explicit (N) is read POSITIONALLY by the tool generator (generate_mcp_tools.py parse_enum / coerce_default), which would map the first label to 0 and publish a value one step off the stored id.	/wfs/effect/phaserStages <ID> <value>				Number of allpass stages (4, 6, 8 or 12).		
FxPhaser	Centre Frequency	effectPhaserCentre	H slider (log)	FLOAT	100.0	5000.0	800.0	1	min*pow(max/min,x)	Hz		Node <FxPhaser>. Designed from scratch - the user's Max phaser was not carried over.	/wfs/effect/phaserCentre <ID> <value>	y	extra value is transition time in seconds		Centre frequency of the allpass sweep (100 - 5000 Hz).		
FxPhaser	Spread	effectPhaserSpread	H slider	FLOAT	0.0	3.0	1.0	1	min+(max-min)*x	oct		Node <FxPhaser>. Designed from scratch - the user's Max phaser was not carried over. Spread of the stage frequencies around the centre.	/wfs/effect/phaserSpread <ID> <value>	y	extra value is transition time in seconds		Spread of the allpass stages around the centre, in octaves.		
FxPhaser	Rate	effectPhaserRate	H slider (log)	FLOAT	0.02	10.0	0.3	1	min*pow(max/min,x)	Hz		Node <FxPhaser>. Designed from scratch - the user's Max phaser was not carried over.	/wfs/effect/phaserRate <ID> <value>	y	extra value is transition time in seconds		LFO rate of the phaser (0.02 - 10 Hz).		
FxPhaser	Depth	effectPhaserDepth	H slider	FLOAT	0.0	4.0	2.0	1	min+(max-min)*x	oct		Node <FxPhaser>. Designed from scratch - the user's Max phaser was not carried over.	/wfs/effect/phaserDepth <ID> <value>	y	extra value is transition time in seconds		Sweep depth of the phaser, in octaves.		
FxPhaser	Shape	effectPhaserShape	Drop down menu	INT	1	8	1	1			sine (1) ; square (2) ; sawtooth (3) ; triangle (4) ; keystone (5) ; log (6) ; exp (7) ; random (8)	Node <FxPhaser>. Designed from scratch - the user's Max phaser was not carried over. LFOWaveforms shape ids. Shape 0 (OFF) is not offered.	/wfs/effect/phaserShape <ID> <value>				LFO waveform of the phaser.		
FxPhaser	Feedback	effectPhaserFeedback	H bidirectional slider	FLOAT	-95.0	95.0	30.0	1	min+(max-min)*x	%		Node <FxPhaser>. Designed from scratch - the user's Max phaser was not carried over. Signed.	/wfs/effect/phaserFeedback <ID> <value>	y	extra value is transition time in seconds		Signed feedback around the allpass chain.		
FxPhaser	Mix	effectPhaserMix	H slider	FLOAT	0.0	100.0	50.0	1	min+(max-min)*x	%		Node <FxPhaser>. Designed from scratch - the user's Max phaser was not carried over. Wet percentage.	/wfs/effect/phaserMix <ID> <value>	y	extra value is transition time in seconds		Dry/wet mix of the phaser (wet %).		
FxTrem	Tremolo Bypass	effectTremBypass	Text button	INT	0	1	1	1			OFF ; ON	Node <FxTrem>. Module bypass, one convention across all eleven slots (plan 2.2): 1 = bypassed. Every module ships bypassed, so a new effects channel is silent until the operator switches something in.	/wfs/effect/tremBypass <ID> <value>				Bypass the tremolo module.		
FxTrem	Rate	effectTremRate	H slider (log)	FLOAT	0.05	20.0	4.0	1	min*pow(max/min,x)	Hz		Node <FxTrem>.	/wfs/effect/tremRate <ID> <value>	y	extra value is transition time in seconds		Tremolo rate (0.05 - 20 Hz).		
FxTrem	Depth	effectTremDepth	H slider	FLOAT	0.0	60.0	12.0	1	min+(max-min)*x	dB		Node <FxTrem>. The modulation is dB-linear, i.e. exponential in amplitude - musically smoother than a linear amplitude LFO.	/wfs/effect/tremDepth <ID> <value>	y	extra value is transition time in seconds		Tremolo depth in dB (0 - 60 dB).		
FxTrem	Shape	effectTremShape	H slider	FLOAT	0.0	1.0	0.0	1	min+(max-min)*x			Node <FxTrem>. Continuous blend, the prototype's "waveform": 0 = sine, 1 = triangle. R3-2: the two legs are phase-ALIGNED (Max's cycle is a cosine), so the blend morphs rather than cancels.	/wfs/effect/tremShape <ID> <value>	y	extra value is transition time in seconds		Blend the tremolo LFO from sine (0) to triangle (1).		
FxTrem	Mix	effectTremMix	H slider	FLOAT	0.0	100.0	100.0	1	min+(max-min)*x	%		Node <FxTrem>. Wet percentage. The prototype's dry/wet arithmetic inverts the wet leg and is not reproduced.	/wfs/effect/tremMix <ID> <value>	y	extra value is transition time in seconds		Dry/wet mix of the tremolo (wet %).		
FxReverb	Reverb Bypass	effectReverbBypass	Text button	INT	0	1	1	1			OFF ; ON	Node <FxReverb>, the per-chain reverb MODULE. Unrelated to the <Reverbs> channel family: the two parameter sets deliberately differ, and the effect* / effectReverb* names exist so they never collide. Module bypass, one convention across all eleven slots (plan 2.2): 1 = bypassed. Every module ships bypassed, so a new effects channel is silent until the operator switches something in.	/wfs/effect/reverbBypass <ID> <value>				Bypass the in-chain reverb module.		
FxReverb	Model	effectReverbModel	Drop down menu	INT	0	5	0	1			FDN (0) ; Plate (1) ; Modulated Hall (4) ; Shimmer (5)	Node <FxReverb>, the per-chain reverb MODULE. Unrelated to the <Reverbs> channel family: the two parameter sets deliberately differ, and the effect* / effectReverb* names exist so they never collide. Ids are spatcore::effects::ReverbModel and reach disk: 0 FDN, 1 Plate (Dattorro), 4 Modulated Hall, 5 Shimmer (the hall with its four longest lines pitch-shifted). 2 (SDN-style) and 3 (IR) are RESERVED: the bounds accept them so an old project loads, the engine runs the FDN for them (resolveReverbModel), and the menu does not offer them. A change of model is build-time: the module spills the old tail over the new one rather than fading. The Models column of the rows below says which models use each control; the panel shows only those.	/wfs/effect/reverbModel <ID> <value>				Select the reverb algorithm behind this module: FDN, Plate, Modulated Hall or Shimmer.		
FxReverb	Type	effectReverbType	Drop down menu	INT	0	5	0	1			Room (0) ; Chamber (1) ; Hall (2) ; Cathedral (3) ; Plate (4) ; Custom (5)	Node <FxReverb>, the per-chain reverb MODULE. Unrelated to the <Reverbs> channel family: the two parameter sets deliberately differ, and the effect* / effectReverb* names exist so they never collide. A preset within the model; each model owns its own table. Selecting a type writes the expanded values into the tree so state stays explicit, and editing any of them flips the type to Custom.	/wfs/effect/reverbType <ID> <value>				Named preset within the selected reverb model.		
FxReverb	Early Reflections	effectReverbERProfile	Drop down menu	INT	0	4	0	1			Off (0) ; Room (1) ; Chamber (2) ; Hall (3) ; Cathedral (4)	Node <FxReverb>, the per-chain reverb MODULE. Unrelated to the <Reverbs> channel family: the two parameter sets deliberately differ, and the effect* / effectReverb* names exist so they never collide. spatcore::effects::ErProfile. A tap pattern from an image-source model of a shoebox room (spatcore tools/reverb/gen_er_profiles.py), in front of whichever model runs; with reflections on, the model's input comes that much later (the profile's tail delay). Build-time: a change spills over, the old room's reflections playing out of the ring behind the new one. Every model.	/wfs/effect/reverbERProfile <ID> <value>				Early reflections in front of the reverb: Off, Room, Chamber, Hall or Cathedral.		
FxReverb	ER Level	effectReverbERLevel	H slider	FLOAT	-30.0	6.0	-6.0	1	min+(max-min)*x	dB		Node <FxReverb>, the per-chain reverb MODULE. Unrelated to the <Reverbs> channel family: the two parameter sets deliberately differ, and the effect* / effectReverb* names exist so they never collide. Level of the early reflections against the dry: at 0 dB they carry the dry's energy. Runtime (it glides). Every model; inert while the profile is Off.	/wfs/effect/reverbERLevel <ID> <value>	y	extra value is transition time in seconds		Level of the early reflections (-30 to +6 dB against the dry).		
FxReverb	Predelay	effectReverbPredelay	H slider	FLOAT	0.0	250.0	10.0	1	min+(max-min)*x	ms		Node <FxReverb>, the per-chain reverb MODULE. Unrelated to the <Reverbs> channel family: the two parameter sets deliberately differ, and the effect* / effectReverb* names exist so they never collide.	/wfs/effect/reverbPredelay <ID> <value>	y	extra value is transition time in seconds		Predelay before the reverb module's tail (0 - 250 ms).		
FxReverb	RT60	effectReverbRT60	H slider (log)	FLOAT	0.2	8.0	1.5	1	min*pow(max/min,x)	s		Node <FxReverb>, the per-chain reverb MODULE. Unrelated to the <Reverbs> channel family: the two parameter sets deliberately differ, and the effect* / effectReverb* names exist so they never collide.	/wfs/effect/reverbRT60 <ID> <value>	y	extra value is transition time in seconds		Reverb decay time RT60 (0.2 - 8.0 seconds).		
FxReverb	RT60 Low Mult	effectReverbRT60LowMult	H slider (log)	FLOAT	0.1	9.0	1.3	1	min*pow(max/min,x)	x		Node <FxReverb>, the per-chain reverb MODULE. Unrelated to the <Reverbs> channel family: the two parameter sets deliberately differ, and the effect* / effectReverb* names exist so they never collide.	/wfs/effect/reverbRT60LowMult <ID> <value>	y	extra value is transition time in seconds		Low frequency RT60 multiplier (0.1 - 9.0x).		
FxReverb	RT60 High Mult	effectReverbRT60HighMult	H slider (log)	FLOAT	0.1	9.0	0.4	1	min*pow(max/min,x)	x		Node <FxReverb>, the per-chain reverb MODULE. Unrelated to the <Reverbs> channel family: the two parameter sets deliberately differ, and the effect* / effectReverb* names exist so they never collide.	/wfs/effect/reverbRT60HighMult <ID> <value>	y	extra value is transition time in seconds		High frequency RT60 multiplier (0.1 - 9.0x).		
FxReverb	Crossover Low	effectReverbCrossoverLow	H slider (log)	FLOAT	50.0	500.0	200.0	1	min*pow(max/min,x)	Hz		Node <FxReverb>, the per-chain reverb MODULE. Unrelated to the <Reverbs> channel family: the two parameter sets deliberately differ, and the effect* / effectReverb* names exist so they never collide.	/wfs/effect/reverbCrossoverLow <ID> <value>	y	extra value is transition time in seconds		Low crossover frequency for 3-band decay (50 - 500 Hz).		
FxReverb	Crossover High	effectReverbCrossoverHigh	H slider (log)	FLOAT	1000.0	10000.0	4000.0	1	min*pow(max/min,x)	Hz		Node <FxReverb>, the per-chain reverb MODULE. Unrelated to the <Reverbs> channel family: the two parameter sets deliberately differ, and the effect* / effectReverb* names exist so they never collide. The default is 4000 Hz here where the <Reverbs> family uses 2500 Hz; that difference is deliberate.	/wfs/effect/reverbCrossoverHigh <ID> <value>	y	extra value is transition time in seconds		High crossover frequency for 3-band decay (1 - 10 kHz).		
FxReverb	Diffusion	effectReverbDiffusion	H slider	FLOAT	0.0	1.0	0.5	1	min+(max-min)*x			Node <FxReverb>, the per-chain reverb MODULE. Unrelated to the <Reverbs> channel family: the two parameter sets deliberately differ, and the effect* / effectReverb* names exist so they never collide.	/wfs/effect/reverbDiffusion <ID> <value>	y	extra value is transition time in seconds		Diffusion amount controlling echo density (0 - 1).		
FxReverb	Size	effectReverbSize	H slider	FLOAT	0.5	2.0	1.0	1	min+(max-min)*x	x		Node <FxReverb>, the per-chain reverb MODULE. Unrelated to the <Reverbs> channel family: the two parameter sets deliberately differ, and the effect* / effectReverb* names exist so they never collide. BUILD-TIME on every model: the module builds the new size on its idle twin and spills the old tail over it (spatcore 0.4) - nothing fades, nothing allocates. Stepped in hundredths. Not ramp-capable.	/wfs/effect/reverbSize <ID> <value>				Room size multiplier of the reverb module (0.5 - 2.0x).		
FxReverb	Modulation Rate	effectReverbModRate	H slider (log)	FLOAT	0.05	5.0	0.8	1	min*pow(max/min,x)	Hz		Node <FxReverb>, the per-chain reverb MODULE. Unrelated to the <Reverbs> channel family: the two parameter sets deliberately differ, and the effect* / effectReverb* names exist so they never collide. The rate of the tank's modulation: the plate's two modulated allpasses, the hall's four LFO pairs (at 1, 1.13, 0.87 and 1.27 times this). The FDN has none.	/wfs/effect/reverbModRate <ID> <value>	y	extra value is transition time in seconds		Speed of the modulation inside the reverb tank (0.05 - 5 Hz).		1,4,5
FxReverb	Modulation Depth	effectReverbModDepth	H slider	FLOAT	0.0	100.0	50.0	1	min+(max-min)*x	%		Node <FxReverb>, the per-chain reverb MODULE. Unrelated to the <Reverbs> channel family: the two parameter sets deliberately differ, and the effect* / effectReverb* names exist so they never collide. How far the tank's read points move: 50 % is the plate paper's 16 samples at 29761 Hz (0.54 ms); on the hall 100 % is 1 ms either way. Moving modes stop a long tail ringing metallic. 0 is no modulation at all.	/wfs/effect/reverbModDepth <ID> <value>	y	extra value is transition time in seconds		Depth of the modulation inside the reverb tank (0 - 100 %).		1,4,5
FxReverb	Shimmer Interval	effectReverbShimmerPitch	Drop down menu	INT	0	7	0	1			Octave up (+12) (0) ; Fifth up (+7) (1) ; Fifth + octave (+7 & +12) (2) ; Twelfth (+19) (3) ; Two octaves (+24) (4) ; Fourth up (+5) (5) ; Octave down (-12) (6) ; Octave down + up (-12 & +12) (7)	Node <FxReverb>, the per-chain reverb MODULE. Unrelated to the <Reverbs> channel family: the two parameter sets deliberately differ, and the effect* / effectReverb* names exist so they never collide. spatcore::effects::ShimmerInterval: the pitch the shimmer lines climb by on every pass; the two-voice entries split the four lines two and two. Build-time (a change spills over). Shimmer only.	/wfs/effect/reverbShimmerPitch <ID> <value>				The interval the shimmer climbs by on every pass through the tank.		5
FxReverb	Shimmer Amount	effectReverbShimmerAmount	H slider	FLOAT	0.0	100.0	50.0	1	min+(max-min)*x	%		Node <FxReverb>, the per-chain reverb MODULE. Unrelated to the <Reverbs> channel family: the two parameter sets deliberately differ, and the effect* / effectReverb* names exist so they never collide. How much of the shimmer lines is pitch-shifted, mixed at equal power. Climbing voices fade faster than the tail by design, so the tail shortens as this rises: at 50 % an octave shimmer rings about two thirds of its RT60 on music. Runtime. Shimmer only.	/wfs/effect/reverbShimmerAmount <ID> <value>	y	extra value is transition time in seconds		How much of the tail is pitch-shifted (0 - 100 %).		5
FxReverb	Tone	effectReverbTone	H slider (log)	FLOAT	1000.0	20000.0	12000.0	1	min*pow(max/min,x)	Hz		Node <FxReverb>, the per-chain reverb MODULE. Unrelated to the <Reverbs> channel family: the two parameter sets deliberately differ, and the effect* / effectReverb* names exist so they never collide. One-pole low-pass on the wet signal.	/wfs/effect/reverbTone <ID> <value>	y	extra value is transition time in seconds		Low-pass the reverb tail (1 - 20 kHz).		
FxReverb	Mix	effectReverbMix	H slider	FLOAT	0.0	100.0	30.0	1	min+(max-min)*x	%		Node <FxReverb>, the per-chain reverb MODULE. Unrelated to the <Reverbs> channel family: the two parameter sets deliberately differ, and the effect* / effectReverb* names exist so they never collide. Wet percentage.	/wfs/effect/reverbMix <ID> <value>	y	extra value is transition time in seconds		Dry/wet mix of the reverb module (wet %).		
FxDelay	Delay Bypass	effectDelayBypass	Text button	INT	0	1	1	1			OFF ; ON	Node <FxDelay>. Module bypass, one convention across all eleven slots (plan 2.2): 1 = bypassed. Every module ships bypassed, so a new effects channel is silent until the operator switches something in.	/wfs/effect/delayBypass <ID> <value>				Bypass the multitap delay module.		
FxDelay	Delay Time	effectDelayTime	H slider (log)	FLOAT	1.0	20000.0	375.0	1	min*pow(max/min,x)	ms		Node <FxDelay>. THE MAX IS A HULL: 20000 ms is the largest the global cap allows (effectsGlobalMaxDelaySecondsMax x 1000). The LIVE maximum is the current effectsGlobalMaxDelaySeconds x 1000, which is narrower whenever the cap is not 20 s.	/wfs/effect/delayTime <ID> <value>	y	extra value is transition time in seconds		Base delay time of the multitap delay.		
FxDelay	Taps	effectDelayTaps	Drop down menu	INT	1	8	3	1			1 (1) ; 2 (2) ; 3 (3) ; 4 (4) ; 5 (5) ; 6 (6) ; 7 (7) ; 8 (8)	Node <FxDelay>. How many of the eight taps are live. The ids are spelled out because the labels are bare numbers: an enum without an explicit (N) is read POSITIONALLY by the tool generator (generate_mcp_tools.py parse_enum / coerce_default), which would map the first label to 0 and publish a value one step off the stored id.	/wfs/effect/delayTaps <ID> <value>				Number of live taps (1 - 8).		
FxDelay	Tap Mode	effectDelayTapMode	Text button	INT	0	1	1	1			Manual (0) ; Pattern (1)	Node <FxDelay>. Manual uses the per-tap times; Pattern derives them from the base time.	/wfs/effect/delayTapMode <ID> <value>				Take tap times from the pattern or from the taps.		
FxDelay	Pattern	effectDelayPattern	Drop down menu	INT	0	3	0	1			Equal (0) ; Dotted (1) ; Triplet (2) ; Golden (3)	Node <FxDelay>. Equal base*k, Dotted 1.5*base*k, Triplet (2/3)*base*k, Golden base*phi^(k-1).	/wfs/effect/delayPattern <ID> <value>				Tap spacing pattern (Pattern mode only).		
FxDelay	Feedback	effectDelayFeedback	H slider	FLOAT	0.0	95.0	30.0	1	min+(max-min)*x	%		Node <FxDelay>. Clamped at 0.95. The first repeat is at unity whatever this says, because the line is written at unity and only the recirculating path is scaled.	/wfs/effect/delayFeedback <ID> <value>	y	extra value is transition time in seconds		Feedback amount of the delay line (0 - 95 %).		
FxDelay	Feedback Tap	effectDelayFeedbackTap	Drop down menu	INT	0	8	0	1			last (0) ; tap 1 (1) ; tap 2 (2) ; tap 3 (3) ; tap 4 (4) ; tap 5 (5) ; tap 6 (6) ; tap 7 (7) ; tap 8 (8)	Node <FxDelay>. Which tap feeds the loop. 0 = whichever tap is currently last.	/wfs/effect/delayFeedbackTap <ID> <value>				Tap that feeds the feedback loop.		
FxDelay	Input Low Cut	effectDelayInLoCut	H slider (log)	FLOAT	20.0	2000.0	20.0	1	min*pow(max/min,x)	Hz		Node <FxDelay>. RBJ 2nd-order high-pass at Q = 0.6 before the line (the prototype's loCutFreq). The dry is tapped BEFORE this cut.	/wfs/effect/delayInLoCut <ID> <value>	y	extra value is transition time in seconds		High-pass the signal entering the delay line.		
FxDelay	Feedback Low Shelf Frequency	effectDelayFbLoShelfFreq	H slider (log)	FLOAT	20.0	2000.0	200.0	1	min*pow(max/min,x)	Hz		Node <FxDelay>. The two shelves sit strictly INSIDE the feedback loop, after the feedback gain. Prototype defects P1 and P2 are not reproduced.	/wfs/effect/delayFbLoShelfFreq <ID> <value>	y	extra value is transition time in seconds		Corner frequency of the low shelf inside the feedback loop.		
FxDelay	Feedback Low Shelf Gain	effectDelayFbLoShelfGain	Basic dial	FLOAT	-24.0	24.0	0.0	1	min+(max-min)*x	dB		Node <FxDelay>. Gain in dB means gain in dB (prototype defect P2 not reproduced).	/wfs/effect/delayFbLoShelfGain <ID> <value>	y	extra value is transition time in seconds		Gain of the low shelf inside the feedback loop.		
FxDelay	Feedback High Shelf Frequency	effectDelayFbHiShelfFreq	H slider (log)	FLOAT	1000.0	20000.0	4000.0	1	min*pow(max/min,x)	Hz		Node <FxDelay>. The two shelves sit strictly INSIDE the feedback loop, after the feedback gain. Prototype defects P1 and P2 are not reproduced.	/wfs/effect/delayFbHiShelfFreq <ID> <value>	y	extra value is transition time in seconds		Corner frequency of the high shelf inside the feedback loop.		
FxDelay	Feedback High Shelf Gain	effectDelayFbHiShelfGain	Basic dial	FLOAT	-24.0	24.0	-3.0	1	min+(max-min)*x	dB		Node <FxDelay>. Gain in dB means gain in dB (prototype defect P2 not reproduced).	/wfs/effect/delayFbHiShelfGain <ID> <value>	y	extra value is transition time in seconds		Gain of the high shelf inside the feedback loop.		
FxDelay	Time Modulation Rate	effectDelayModRate	H slider (log)	FLOAT	0.02	10.0	0.1	1	min*pow(max/min,x)	Hz		Node <FxDelay>. The prototype's modFreq.	/wfs/effect/delayModRate <ID> <value>	y	extra value is transition time in seconds		Rate of the delay-time modulation LFO.		
FxDelay	Time Modulation Depth	effectDelayModDepth	H slider	FLOAT	0.0	50.0	0.0	1	min+(max-min)*x	%		Node <FxDelay>. Percentage of the delay time. Applied through the same smoother as manual changes so the wobble never teleports.	/wfs/effect/delayModDepth <ID> <value>	y	extra value is transition time in seconds		Depth of the delay-time modulation, as a percentage of the time.		
FxDelay	Diffusion	effectDelayDiffusion	H slider	FLOAT	0.0	1.0	0.0	1	min+(max-min)*x			Node <FxDelay>. Two small allpasses on the wet sum.	/wfs/effect/delayDiffusion <ID> <value>	y	extra value is transition time in seconds		Smear the tap sum with two allpasses (0 - 1).		
FxDelay	Glide	effectDelayGlide	H slider	FLOAT	0.0	2000.0	200.0	1	min+(max-min)*x	ms		Node <FxDelay>. Time the tap smoother takes to reach a new delay time.	/wfs/effect/delayGlide <ID> <value>	y	extra value is transition time in seconds		Glide time when a delay time changes.		
FxDelay	Mix	effectDelayMix	H slider	FLOAT	0.0	100.0	35.0	1	min+(max-min)*x	%		Node <FxDelay>. Wet percentage.	/wfs/effect/delayMix <ID> <value>	y	extra value is transition time in seconds		Dry/wet mix of the multitap delay (wet %).		
FxDelay	Tap Time	effectDelayTapTime	H slider (log)	FLOAT	1.0	20000.0	375 / 750 / 1125 / 1500 / 1875 / 2250 / 2625 / 3000	1	min*pow(max/min,x)	ms		Per-tap property on the eight <Tap id="1".."8"> children of <FxDelay>. All eight taps always exist; effectDelayTaps says how many are live. Defaults are k x 375 ms. Same hull caveat as effectDelayTime: the live maximum is effectsGlobalMaxDelaySeconds x 1000.	/wfs/effect/delayTapTime <ID> <tap> <value>	y	extra value is transition time in seconds		Delay time of Tap <Tap ID> (Manual mode).		
FxDelay	Tap Level	effectDelayTapLevel	H slider	FLOAT	-60.0	0.0	0 / -2 / -4 / -6 / -8 / -10 / -12 / -14	2	min+(max-min)*x	dB		Per-tap property on the eight <Tap id="1".."8"> children of <FxDelay>. All eight taps always exist; effectDelayTaps says how many are live. Defaults are -2 dB per tap.	/wfs/effect/delayTapLevel <ID> <tap> <value>	y	extra value is transition time in seconds		Level of Tap <Tap ID>.		
FxCrush	Bitcrusher Bypass	effectCrushBypass	Text button	INT	0	1	1	1			OFF ; ON	Node <FxCrush>. Module bypass, one convention across all eleven slots (plan 2.2): 1 = bypassed. Every module ships bypassed, so a new effects channel is silent until the operator switches something in.	/wfs/effect/crushBypass <ID> <value>				Bypass the bitcrusher / downsampler module.		
FxCrush	Bits	effectCrushBits	H slider	FLOAT	1.0	24.0	8.0	1	min+(max-min)*x	bits		Node <FxCrush>. Fractional values are allowed and give a continuous step size.	/wfs/effect/crushBits <ID> <value>	y	extra value is transition time in seconds		Word length of the quantiser (1 - 24 bits).		
FxCrush	Rate	effectCrushRate	H slider (log)	FLOAT	100.0	96000.0	12000.0	1	min*pow(max/min,x)	Hz		Node <FxCrush>. Clamped to the device rate; equal to the device rate means no decimation.	/wfs/effect/crushRate <ID> <value>	y	extra value is transition time in seconds		Sample-and-hold rate of the downsampler.		
FxCrush	Filter	effectCrushFilter	Text button	INT	0	1	0	1			hold (0) ; anti-aliased (1)	Node <FxCrush>. 0 = plain hold, the classic aliasing sound. 1 = 3rd-order low-pass at 0.45 x rate before the hold.	/wfs/effect/crushFilter <ID> <value>				Alias freely, or low-pass before the hold.		
FxCrush	Dither	effectCrushDither	H slider	FLOAT	-96.0	0.0	-96.0	1	min+(max-min)*x	dB		Node <FxCrush>. -96 dB = off. White noise added before the quantiser, from a deterministic hash keyed per module instance; the stream advances whether or not dither is on. The prototype's full-scale default is not reproduced.	/wfs/effect/crushDither <ID> <value>	y	extra value is transition time in seconds		Dither level before the quantiser (-96 = off).		
FxCrush	Mix	effectCrushMix	H slider	FLOAT	0.0	100.0	100.0	1	min+(max-min)*x	%		Node <FxCrush>. Wet percentage.	/wfs/effect/crushMix <ID> <value>	y	extra value is transition time in seconds		Dry/wet mix of the bitcrusher (wet %).		
Sends	Input Send Levels	effectSendLevels	Send matrix (row)	STRING				2				Node <Sends>. A packed comma-separated ROW property, deliberately UNBOUND (no Min/Max/Default constants) so the write interceptor never clamps it into a scalar. SURVIVING A LOAD IS THE INVARIANT: a template diff cannot tell a pending row from a retired one, so either the builder stamps the row into the template - createEffectSendsSection stamps all four, at their fixed widths - or stripObsoleteEffectProperties has to exempt them by name; with neither, the load after the first runtime write deletes an operator's send routing with no undo. Rename or retire one of the four and whichever of those two mechanisms is in force must move in the same commit. 64 wide, index = input PERMANENT NUMBER - 1. Never resized. Input delete zeroes that column; renumber remaps it.	/wfs/effect/sendLevels <ID> "<csv>"				Levels of every input send into this effect, as one comma-separated list of dB values.		
Sends	Input Send Switches	effectSendOns	Send matrix (row)	STRING				1				Node <Sends>. A packed comma-separated ROW property, deliberately UNBOUND (no Min/Max/Default constants) so the write interceptor never clamps it into a scalar. SURVIVING A LOAD IS THE INVARIANT: a template diff cannot tell a pending row from a retired one, so either the builder stamps the row into the template - createEffectSendsSection stamps all four, at their fixed widths - or stripObsoleteEffectProperties has to exempt them by name; with neither, the load after the first runtime write deletes an operator's send routing with no undo. Rename or retire one of the four and whichever of those two mechanisms is in force must move in the same commit. 64 wide, index = input PERMANENT NUMBER - 1. New channels start with every switch OFF, so the row starts silent.	/wfs/effect/sendOns <ID> "<csv>"				On/off switches of every input send into this effect, as one comma-separated list.		
Sends	Effect Send Levels	effectFxSendLevels	Send matrix (row)	STRING				2				Node <Sends>. A packed comma-separated ROW property, deliberately UNBOUND (no Min/Max/Default constants) so the write interceptor never clamps it into a scalar. SURVIVING A LOAD IS THE INVARIANT: a template diff cannot tell a pending row from a retired one, so either the builder stamps the row into the template - createEffectSendsSection stamps all four, at their fixed widths - or stripObsoleteEffectProperties has to exempt them by name; with neither, the load after the first runtime write deletes an operator's send routing with no undo. Rename or retire one of the four and whichever of those two mechanisms is in force must move in the same commit. 32 wide, keyed by DENSE EFFECT INDEX, with the diagonal forced off (no self-feed).	/wfs/effect/fxSendLevels <ID> "<csv>"				Levels of every effect-to-effect send into this effect, as one comma-separated list of dB values.		
Sends	Effect Send Switches	effectFxSendOns	Send matrix (row)	STRING				1				Node <Sends>. A packed comma-separated ROW property, deliberately UNBOUND (no Min/Max/Default constants) so the write interceptor never clamps it into a scalar. SURVIVING A LOAD IS THE INVARIANT: a template diff cannot tell a pending row from a retired one, so either the builder stamps the row into the template - createEffectSendsSection stamps all four, at their fixed widths - or stripObsoleteEffectProperties has to exempt them by name; with neither, the load after the first runtime write deletes an operator's send routing with no undo. Rename or retire one of the four and whichever of those two mechanisms is in force must move in the same commit. 32 wide, keyed by DENSE EFFECT INDEX, with the diagonal forced off.	/wfs/effect/fxSendOns <ID> "<csv>"				On/off switches of every effect-to-effect send into this effect, as one comma-separated list.		
Sends	Input Send Level (cell)	effectSendLevel	Send matrix cell (level bar)	FLOAT	-92.0	0.0	0.0	2	20*log10(pow(10,-92./20.)+((1-pow(10,-92./20.))*pow(x,2)))	dB		PSEUDO-IDENTIFIER: no node ever carries this name. It exists so the OSC parser, the ramper and the OSCQuery cell nodes have something to validate ONE CELL against, while the generic parameter path finds no tree for it and refuses the write instead of overwriting a whole row with a scalar. Never stamp it onto a node. Cell writes go through setEffectSendCell (read-modify-write of the row, one undo entry). PREFIX COLLISION: effectSend is a strict prefix of effectSendLevels and effectSendOns, which stay string setters. Range is -92..0: no gain in the matrix (decision Q12); gain, if wanted, comes from the modules.	/wfs/effect/sendLevel <ID> <input number> <value>	y	extra value is transition time in seconds		Level of one input's send into this effect.		
Sends	Input Send On (cell)	effectSendOn	Send matrix cell (toggle)	INT	0	1	0	1			OFF (0) ; ON (1)	PSEUDO-IDENTIFIER: no node ever carries this name. It exists so the OSC parser, the ramper and the OSCQuery cell nodes have something to validate ONE CELL against, while the generic parameter path finds no tree for it and refuses the write instead of overwriting a whole row with a scalar. Never stamp it onto a node. Cell writes go through setEffectSendCell (read-modify-write of the row, one undo entry). A cell is gated by this switch, so a level of 0 dB is unity and the row starts silent because the switches start off.	/wfs/effect/sendOn <ID> <input number> <value>				Switch one input's send into this effect on or off.		
Sends	Effect Send Level (cell)	effectFxSendLevel	Send matrix cell (level bar)	FLOAT	-92.0	0.0	0.0	2	20*log10(pow(10,-92./20.)+((1-pow(10,-92./20.))*pow(x,2)))	dB		PSEUDO-IDENTIFIER: no node ever carries this name. It exists so the OSC parser, the ramper and the OSCQuery cell nodes have something to validate ONE CELL against, while the generic parameter path finds no tree for it and refuses the write instead of overwriting a whole row with a scalar. Never stamp it onto a node. Cell writes go through setEffectSendCell (read-modify-write of the row, one undo entry). Keyed by dense effect index; the diagonal is forced off.	/wfs/effect/fxSendLevel <ID> <source effect ID> <value>	y	extra value is transition time in seconds		Level of one effect's send into this effect.		
Sends	Effect Send On (cell)	effectFxSendOn	Send matrix cell (toggle)	INT	0	1	0	1			OFF (0) ; ON (1)	PSEUDO-IDENTIFIER: no node ever carries this name. It exists so the OSC parser, the ramper and the OSCQuery cell nodes have something to validate ONE CELL against, while the generic parameter path finds no tree for it and refuses the write instead of overwriting a whole row with a scalar. Never stamp it onto a node. Cell writes go through setEffectSendCell (read-modify-write of the row, one undo entry). Keyed by dense effect index; the diagonal is forced off.	/wfs/effect/fxSendOn <ID> <source effect ID> <value>				Switch one effect's send into this effect on or off.		
Sends	All Sends On / Off		two text buttons									Switches every source's send into the selected effect on or off in one undo entry. Not a stored parameter.					Switch every send into this effect on, or off.		
EffectsGlobal	Link Group Names	effectsGlobalLinkNames	8 editable text boxes	STRING			Group 1,Group 2,Group 3,Group 4,Group 5,Group 6,Group 7,Group 8	1				Config > EffectsGlobal, a child of <Config> and NOT a sibling of the <Effect> channels. The name starts with "effect", so it needs a BY-NAME exception ahead of getParameterScope's prefix test - without it the prefix test routes the write into the Effect branch, finds no channel node, and drops it in silence. ONE comma-separated property holding all 8 names, not eight ...Name1..8 properties: a numbered family would generate an undispatchable generic index tool.	/wfs/config/effects/linkNames "<csv>"				Names of the eight effect link groups, as one comma-separated list.		
EffectsGlobal	Link Mode	effectsGlobalLinkMode	Drop down menu	INT	0	2	1	1			Off (0) ; Absolute (1) ; Relative (2)	Config > EffectsGlobal, a child of <Config> and NOT a sibling of the <Effect> channels. The name starts with "effect", so it needs a BY-NAME exception ahead of getParameterScope's prefix test - without it the prefix test routes the write into the Effect branch, finds no channel node, and drops it in silence. Relative applies to CONTINUOUS values only: discrete values (enums, bypasses, chain order, mutes) are always copied absolutely, or the channel is unlinked. Keyboard modifiers override on the GUI only; hardware follows this state.	/wfs/config/effects/linkMode <value>				How edits propagate inside a link group: off, absolute, or relative.		
EffectsGlobal	Geometric Effect-to-Effect Feed	effectsGlobalFxFeedGeometric	Text button	INT	0	1	1	1			Matrix only (0) ; Geometric (1)	Config > EffectsGlobal, a child of <Config> and NOT a sibling of the <Effect> channels. The name starts with "effect", so it needs a BY-NAME exception ahead of getParameterScope's prefix test - without it the prefix test routes the write into the Effect branch, finds no channel node, and drops it in silence. Escape hatch for decision 3 / Q1. 0 = matrix level and switch only, with the feed delay forced to 0; 1 = level AND delay from the source return position.	/wfs/config/effects/fxFeedGeometric <value>				Feed effects from each other geometrically, or through the matrix alone.		
EffectsGlobal	Worker Threads	effectsGlobalWorkerThreads	Number box	INT	-1	4	-1	3				Config > EffectsGlobal, a child of <Config> and NOT a sibling of the <Effect> channels. The name starts with "effect", so it needs a BY-NAME exception ahead of getParameterScope's prefix test - without it the prefix test routes the write into the Effect branch, finds no channel node, and drops it in silence. -1 = auto, which mirrors the reverb feed pool's rule (0 workers below 256 source x effect cells, else jlimit(0, 3, hw/2 - 1)); 0..4 fix the count. Structural: it resizes the pool that drives every chain.	/wfs/config/effects/workerThreads <value>				Number of effects worker threads (-1 = automatic).		
EffectsGlobal	Return Cushion	effectsGlobalReturnCushion	Drop down menu	INT	0	3	0	1		blocks	Auto (0) ; 1 block (1) ; 2 blocks (2) ; 3 blocks (3)	Config > EffectsGlobal, a child of <Config> and NOT a sibling of the <Effect> channels. The name starts with "effect", so it needs a BY-NAME exception ahead of getParameterScope's prefix test - without it the prefix test routes the write into the Effect branch, finds no channel node, and drops it in silence. Auto = 2 blocks when the device block is 128 samples or less, 1 above. R4-5: the rings are primed with EXACTLY the cushion, so the published "input to effect to speaker = 1 block" claim is true as written.	/wfs/config/effects/returnCushion <value>				Blocks of cushion on the effect return rings (0 = automatic).		
EffectsGlobal	Loop Guard	effectsGlobalLoopGuard	Text button	INT	0	1	1	1			OFF ; ON	Config > EffectsGlobal, a child of <Config> and NOT a sibling of the <Effect> channels. The name starts with "effect", so it needs a BY-NAME exception ahead of getParameterScope's prefix test - without it the prefix test routes the write into the Effect branch, finds no channel node, and drops it in silence. Per channel, on the engine thread. R4-1: both the trip and the release decisions read the PRE-GAIN FEED peak; the return is a veto that can delay a release but never cause one. Input-to-effect feeds are never touched.	/wfs/config/effects/loopGuard <value>				Automatically mute an effect-to-effect feed that is running away.		
EffectsGlobal	Loop Guard Ceiling	effectsGlobalLoopGuardCeiling	H slider	FLOAT	0.0	24.0	6.0	1	min+(max-min)*x	dBFS		Config > EffectsGlobal, a child of <Config> and NOT a sibling of the <Effect> channels. The name starts with "effect", so it needs a BY-NAME exception ahead of getParameterScope's prefix test - without it the prefix test routes the write into the Effect branch, finds no channel node, and drops it in silence. Peak ceiling, in dBFS. R4-2: the trip threshold is a TIME (default 60 ms), not a block count, so the same event does not let eight times as much runaway through at a 512 sample buffer as at 64.	/wfs/config/effects/loopGuardCeiling <value>				Peak level at which the loop guard trips (dBFS).		
EffectsGlobal	Maximum Delay Time	effectsGlobalMaxDelaySeconds	Number box	INT	1	20	5	3		s		Config > EffectsGlobal, a child of <Config> and NOT a sibling of the <Effect> channels. The name starts with "effect", so it needs a BY-NAME exception ahead of getParameterScope's prefix test - without it the prefix test routes the write into the Effect branch, finds no channel node, and drops it in silence. Sizes EVERY delay module's buffer: nextPow2(seconds x sr + maxBlock), about 2-4 MB per channel at the 5 s default and 15-31 MB at 20 s. A stopped-engine setting, and the ceiling of effectDelayTime / effectDelayTapTime.	/wfs/config/effects/maxDelaySeconds <value>				Longest delay any effects channel may buffer, in seconds.		
EffectsGlobal	Feed Compute Device	effectsGlobalFeedGpuDevice	Drop down menu	STRING			cpu	3				Config > EffectsGlobal, a child of <Config> and NOT a sibling of the <Effect> channels. The name starts with "effect", so it needs a BY-NAME exception ahead of getParameterScope's prefix test - without it the prefix test routes the write into the Effect branch, finds no channel node, and drops it in silence. Compute device id for the feed stage ("cpu", "hip:0", "cuda:0", ...). The engine is CPU-only in v1; this is the hook for the optional later feed-on-GPU phase.	/wfs/config/effects/feedGpuDevice "<value>"				Compute device used for the effects feed stage.		
I/O	Effects Channels	effectChannels	number box	INT	0	32	0	3				Config > IO property, next to reverbChannels. A CONFIG property despite the "effect" prefix, so it needs a by-name Config exception ahead of the prefix test. Locked when DSP is running. Reducing the count prompts a confirmation before removing channel settings. Max is maxEffectChannels, asserted against spatcore::effects::kMaxEffectChannels.	/wfs/config/effectChannels <value>				Number of Effects Channels.		
Store/Reload	Store Effects Configuration		Text button (long-press)				Store Effects Configuration					Store Effects Configuration to file (makes a backup and shows confirmation in the status bar).					Store Effects Configuration to file (overwrite with confirmation).		
Store/Reload	Reload Effects Configuration		Text button (long-press)				Reload Effects Configuration					Reload Effects Configuration from file (confirmation in status bar).					Reload Effects Configuration from file (with confirmation).		
Store/Reload	Reload Effects Config Backup		Text button (long-press)				Reload Effects Config Backup					Reload Effects Configuration from backup file (confirmation in status bar).					Reload Effects Configuration from backup file (with confirmation).		
Store/Reload	Import Effects Configuration		Text button (long-press)				Import Effects Configuration					Import Effects Configuration from file (with file-explorer window).					Import Effects Configuration from file (with file explorer window).		
Store/Reload	Export Effects Configuration		Text button (long-press)				Export Effects Configuration					Export Effects Configuration to file (with file-explorer window).					Export Effects Configuration to file (with file explorer window).		
Store/Reload	Store NEW Snapshot		Text button (long-press)								Store NEW Snapshot	The snapshot row is the Inputs tab's, shared (plan revision 8): one snapshot file carries the inputs AND the effects, scoped per item and per channel in each family's grid, and the selection is the same on both tabs. Store a new snapshot with a name popup (default: date and time stamp). Over OSC: /wfs/input/snapshot/store "<name>".					Store a new snapshot of the inputs and the effects.		
Store/Reload	Select Snapshot		Drop down menu								Select Snapshot	Populated with the snapshot file names when opened. Selects without loading; the Inputs tab's selector shows the same snapshot.					Select a snapshot without loading it.		
Store/Reload	Reload Snapshot		Text button (long-press)								Reload Snapshot	Reload the selected snapshot - inputs and effects - taking its scope into account. Also recalled by its MIDI note and over OSC: /wfs/input/snapshot/load "<name>". An <Effect> whose id no live channel carries is skipped and reported.					Reload the selected snapshot, inputs and effects, taking the scope into account.		
Store/Reload	Reload Without Scope		Text button (long-press)								Reload Without Scope	Reload the whole selected snapshot, ignoring its scope (OnRecall snapshots only: OnSave ones hold filtered data).					Reload the selected snapshot ignoring its scope.		
Store/Reload	Update Snapshot		Text button (long-press)								Update Snapshot	Re-capture the selected snapshot with its own scope (with a backup), inputs and effects.					Update the selected snapshot with the current values.		
Store/Reload	Edit Snapshot Scope		Text button								Edit Snapshot Scope	Open the Snapshot Scope window on its Effects tab (the Inputs tab's row opens it on its Inputs tab; one window, one tab per family). Items: the channel's flat parameters by group, and each of the eleven modules as a whole.					Open the Snapshot Scope window on its Effects tab.		
Store/Reload	Delete Snapshot		Text button (long-press)								Delete Snapshot	Delete the selected snapshot file.					Delete the selected snapshot.		
